english	german	french	xhosa	afrikaans
ability	Fähigkeit	capacité	ukwazi	vermoë
acceptance	Akzeptanz	acceptation	ulwamkelo	aanvaarding
acid	Säure	acide	iasidi	suur
activity	Aktivität	activité	umsebenzi	aktiwiteit
adult	Erwachsene	adulte	Mntu omdala	volwassene
advantage	Vorteil	avantage	uncedo	voordeel
afternoon	Nachmittag	après-midi	Jikalanga	middag
agency	Agentur	agence	iarhente	mag
agreement	Vereinbarung	accord	isivumelwano	ooreenkoms
aircraft	Flugzeug	avion	inqwelo-moya	lugvaartuig
analysis	Analyse	analyse	uhlalutyo	ontleding
anxiety	Sorge	anxiété	ixhala	angs
appearance	Aussehen	apparence	imbonakalo	voorkoms
approach	Ansatz	approche	ukusondela	benadering
april	April	avril	UTshazimpuzi	April
area	Bereich	zone	ummandla	area
army	Armee	armée	umkhosi	weermag
arrival	Ankunft	arrivée	ukufika	aankoms
artist	Künstler	artiste	igcisa	kunstenaar
assembly	Montage	assemblage	indibano	vergadering
assessment	Beurteilung	évaluation	uvavanyo	assessering
assistance	Unterstützung	assistance	uncedo	hulp
assumption	Annahme	supposition	Ukugqibela	aanname
atmosphere	Atmosphäre	atmosphère	umoya	atmosfeer
august	August	août	EyeThupha	Augustus
authority	Autorität	autorité	igunya	gesag
autumn	Herbst	automne	ukwindla	herfs
background	Hintergrund	Contexte	imvelaphi	agtergrond
ball	Ball	balle	ibhola	bal
bank	Bank	banque	ibhanki	bank
basis	Grundlage	base	isiseko	basis
bath	Bad	bain	ibhafu	bad
beauty	Schönheit	beauté	ubuhle	skoonheid
bed	Bett	lit	ibhedi	bed
belief	Glaube	croyance	inkolo	geloof
bird	Vogel	oiseau	intaka	voël
birth	Geburt	naissance	ukuzalwa	geboorte
blood	Blut	sang	igazi	bloed
body	Körper	corps	umzimba	liggaam
boy	Junge	garçon	inkwenkwe	seuntjie
breath	Atem	respiration	umphefumlo	asem
brother	Bruder	frère	ubhuti	broer
building	Gebäude	bâtiments	isakhiwo	gebou
business	Unternehmen	affaires	ishishini	besigheid
buyer	Käufer	acheteur	umthengi	koper
cake	Kuchen	gâteau	ikeyiki	koek
candidate	Bewerber	candidat	umgqatswa	kandidaat
captain	Kapitän	capitaine	ikhapteni	kaptein
car	Auto	voiture	imoto	voertuig
card	Karte	carte	ikhadi	kaart
career	Karriere	carrière	umsebenzi	beroep
case	Fall	cas	ityala	geval
castle	Schloss	château	inqaba	kasteel
category	Kategorie	catégorie	udidi	kategorie
cattle	Rinder	bétail	iinkomo	beeste
center	Zentrum	centre	Isizikithi/Iziko	sentrum
century	Jahrhundert	siècle	inkulungwane	eeu
certificate	Zertifikat	certificat	Isatifiketi	sertifikaat
chapter	Kapitel	chapitre	isahluko	hoofstuk
character	Zeichen	personnage	umlinganiswa	karakter
charity	Nächstenliebe	charité	isisa	liefdadigheid
cheese	Käse	fromage	itshizi	kaas
chest	Brust	poitrine	isifuba	bors
child	Kind	enfant	umntwana	kind
childhood	Kindheit	enfance	ubuntwana	kinderjare
children	Kinder	enfants	abantwana	kinders
christmas	Weihnachten	noël	Krisimesi	Kersfees
church	Kirche	église	icawe	kerk
circle	Kreis	cercle	isangqa	sirkel
citizen	Bürger	citoyen	ummi	burger
city	Stadt	ville	isixeko	Stad
class	Klasse	classe	Umngangatho/Igumbi loku fundela	klas
climate	Klima	climat	Imo yemozulu	klimaat
coal	Kohle	charbon	amalahle	steenkool
colleague	Kollege	collègue	umlingane	kollega
column	Spalte	colonne	intsika	kolom
commitment	Verpflichtung	engagement	ukuzibophelela	verpligting
committee	Ausschuss	comité	ikomiti	komitee
community	Gemeinde	communauté	uluntu	gemeenskap
company	Gesellschaft	compagnie	inkampani	maatskappy
competition	Wettbewerb	compétition	ukhuphiswano	kompetisie
component	Komponente	composant	ilungu	komponent
confidence	Vertrauen	confiance	ukuzithemba	vertroue
congress	Kongress	congrès	inkongolo	kongres
core	Kern	noyau	umbilini	kern
council	Rat	comité	ibhunga	Raad
country	Land	pays	ilizwe	land
countryside	ländlicher Raum	campagne	emaphandleni	platteland
county	Bezirk	comté	okwilizwe	prefektuur
course	Kurs	cours	Isifundo	kursus
creation	Schaffung	création	indalo	skepping
criteria	Kriterien	critères	neenqobo	kriteria
critic	Kritiker	critique	mhlalutyi	kritikus
criticism	Kritik	critique	ukugxekwa	kritiek
currency	Währung	devise	imali	geldeenheid
customer	Kunde	client	umthengi	kliënt
darkness	Dunkelheit	obscurité	ubumnyama	duisternis
data	Daten	données	idata	data
daughter	Tochter	fille	Ntwazana	dogter
day	Tag	jour	usuku	dag
death	Tod	décès	ukufa	dood
debt	Schuld	dette	ityala	skuld
decade	Jahrzehnt	décennie	ishumi leminyaka	dekade
december	Dezember	décembre	Eyomnga	Desember
defendant	Angeklagter	défendeur	ummangalelwa	verweerder
definition	Definition	définition	inkcazelo	definisie
degree	Grad	degré	iqondo	graad
delivery	Lieferung	livraison	Ukuzisa	aflewering
democracy	Demokratie	démocratie	Nkululeko	demokrasie
depth	Tiefe	profondeur	ubunzulu	diepte
desk	Schreibtisch	bureau	idesika	lessenaar
difficulty	Schwierigkeit	difficulté	ubunzima	moeilikheid
disaster	Katastrophe	désastre	intlekele	ramp
disease	Krankheit	maladie	isifo	siekte
door	Tür	porte	ucango	deur
driver	Fahrer	conducteur	umqhubi	bestuurder
duty	Pflicht	devoir	uxanduva	plig
ear	Ohr	oreille	indlebe	oor
earnings	Ertrag	bénéfices	imivuzo	verdienste
earth	Erde	terre	umhlaba	aarde
east	Osten	est	Mpuma langa	oos
economics	Wirtschaftlichkeit	économie	Economics	Ekonomie
economy	Wirtschaft	économie	uqoqosho	ekonomie
effect	Wirkung	effet	isiphumo	effek
efficiency	Leistungsfähigkeit	efficacité	impumelelo	doeltreffendheid
egg	Ei	œuf	iqanda	eier
emergency	Notfall	urgence	Ngxamiseko	nood
employee	Mitarbeiter	employé	umqeshwa	werknemer
employer	Arbeitgeber	employeur	umqeshi	werkgewer
employment	Beschäftigung	emploi	ingqesho	indiensneming
enemy	Feind	ennemi	utshaba	vyand
energy	Energie	énergie	amandla	energie
engine	Motor	moteur	injini	enjin
engineering	Ingenieurwesen	ingénierie	zobunjineli	ingenieurswese
enterprise	Unternehmen	entreprise	lweshishini	onderneming
entrance	Eingang	entrée	Ukungena	ingang
entry	Eintrag	entrée	ukungena	inskrywing
equation	Gleichung	équation	equation	vergelyking
equipment	Ausrüstung	équipement	izixhobo	toerusting
evaluation	Auswertung	évaluation	novavanyo	evaluering
evening	Abend	soirée	ngokuhlwa	aand
event	Ereignis	événement	isiganeko	gebeurtenis
evidence	Beweis	preuve	ubungqina	bewyse
examination	Prüfung	examen	uviwo	eksamen
example	Beispiel	exemple	umzekelo	byvoorbeeld
exchange	Austausch	échange	utshintshiselwano	ruil
executive	Führungskraft	exécutif	Isigqeba	uitvoerende
exhibition	Ausstellung	exposition	umboniso	uitstalling
expectation	Erwartung	attente	ukulindela	verwagting
expenditure	Ausgaben	dépense	inkcitho	uitgawes
key	Schlüssel	mesure	isitshixo	sleutel
fact	Tatsache	fait	inyaniso	feit
factory	Fabrik	usine	ifektri	fabriek
failure	Scheitern	échec	ukusilela	mislukking
faith	Glaube	conviction	ukholo	geloof
family	Familie	famille	usapho	gesin
farmer	Bauer	agriculteur	Umlimi	boer
february	Februar	février	EyoMdumba	Februarie
fee	Gebühr	frais	intlawulo	fooi
field	Feld	champ	intsimi	gebied
findings	Ergebnisse	résultats	ezifunyanisiweyo	bevindings
firm	Betrieb	firme	qinile	firma
meat	Fleisch	chair	inyama	vleis
flight	Flug	vol	ukubhabha	vlug
food	Lebensmittel	nourriture	ukutya	kos
foot	Fuß	pied	unyawo	voet
forest	Wald	forêt	ihlathi	bos
foundation	Gründung	fondation	isiseko	Stigting
framework	Rahmenwerk	cadre	sikhokelo	raamwerk
freedom	Freiheit	liberté	inkululeko	vryheid
frequency	Häufigkeit	fréquence	sokuquqa	frekwensie
friend	Freund	ami	umhlobo	vriend
furniture	Möbel	meubles	Mpahla	meubels
future	Zukunft	futur	ikamva	toekoms
game	Spiel	jeu	umdlalo	spel
gentleman	Gentleman	gentleman	inene	gentleman
gift	Geschenk	cadeau	isipho	geskenk
girl	Mädchen	fille	intombazana	meisie
glass	Glas	verre	iglasi	glas
glasses	Brille	lunettes	iiglasi	bril
god	Gott	dieu	uThixo	God
gold	Gold	or	igolide	goud
goods	Waren	biens	impahla	goedere
grass	Gras	herbe	ingca	gras
growth	Wachstum	croissance	ukukhula	groei
guest	Gast	invité	undwendwe	gas
guitar	Gitarre	guitare	Ikatara/Siginci	kitaar
gun	Gewehr	pistolet	umpu	geweer
hair	Haar	cheveux	iinwele	hare
health	Gesundheit	santé	impilo	gesondheid
heart	Herz	cœur	intliziyo	hart
height	Höhe	hauteur	ukuphakama	hoogte
hell	Hölle	enfer	isihogo	hel
hill	Hügel	colline	induli	Hill
history	Geschichte	histoire	imbali	geskiedenis
hole	Loch	trou	umngxuma	gat
horse	Pferd	cheval	ihashe	perd
hour	Stunde	heure	yure	uur
housing	Unterkunft	logement	izindlu	behuising
hundred	Hundert	cent	ikhulu	honderd
identity	Identität	identité	yesazisi	identiteit
illness	Krankheit	maladie	isigulo	siekte
income	Einkommen	revenu	ingeniso	inkomste
industry	Industrie	industrie	ishishini	bedryf
injury	Verletzung	blessure	ukwenzakala	besering
institute	Institut	institut	iziko	Instituut
insurance	Versicherung	assurance	inshorensi	versekering
island	Insel	île	isiqithi	eiland
jacket	Jacke	veste	ibhatyi	baadjie
january	Januar	janvier	EyoMqungu	Januarie
job	Arbeit	emploi	umsebenzi	werk
judgement	Urteil	jugement	isigwebo	oordeel
july	Juli	juillet	EyeKhala	Julie
june	Juni	juin	Isilimela	Junie
king	König	roi	ukumkani	koning
kingdom	Königreich	royaume	ubukumkani	koninkryk
kitchen	Küche	cuisine	ikhitshi	kombuis
knee	Knie	genou	idolo	knie
knife	Messer	couteau	imela	mes
work	Arbeit	travail	umsebenzi	werk
laboratory	Labor	laboratoire	ilabhoratri	laboratorium
lady	Dame	dame	inenekazi	dame
landscape	Landschaft	paysage	mhlaba	landskap
language	Sprache	langue	ulwimi	Taal
law	Gesetz	droit	umthetho	wet
leather	Leder	cuir	isikhumba	leer
leg	Bein	jambe	umlenze	been
leisure	Freizeit	loisir	lokuphola	ontspanning
length	Länge	longueur	ubude	lengte
letter	Brief	lettre	ileta	brief
level	Niveau	niveau	kwinqanaba	vlak
life	Leben	vie	ubomi	lewe
lip	Lippe	lèvre	umlebe	lip
location	Lage	emplacement	indawo	plek
loss	Verlust	perte	ilahleko	verlies
majority	Mehrheit	majorité	uninzi	meerderheid
man	Mann	homme	indoda	man
manager	Manager	manager	umlawuli	bestuurder
march	März	mars	EyoKwindla	Maart
market	Markt	marché	imarike	mark
marriage	Ehe	mariage	umtshato	huwelik
meal	Mahlzeit	repas	isidlo	maaltyd
meaning	Bedeutung	signification	intsingiselo	beteken
meat	Fleisch	viande	inyama	vleis
mechanism	Mechanismus	mécanisme	indlela	meganisme
member	Mitglied	membre	ilungu	lid
membership	Mitgliedschaft	adhésion	ubulungu	lidmaatskap
memory	Speicher	mémoire	inkumbulo	geheue
method	Verfahren	méthode	indlela yokwenza	metode
middle	Mitte	milieu	phakathi	middel
mind	Geist	esprit	ingqondo	gedagte
minister	Minister	ministre	umfundisi	Minister
ministry	Ministerium	ministère	inkonzo	bediening
minority	Minderheit	minorité	igcuntswana	minderheid
mixture	Mischung	mélange	umxube	mengsel
money	Geld	argent	imali	geld
month	Monat	mois	inyanga	maand
mood	Stimmung	humeur	imo	bui
morning	Morgen	matin	ntseni	oggend
mountain	Berg	montagne	intaba	berg
movement	Bewegung	mouvement	intshukumo	beweging
museum	Museum	musée	imyuziyam	museum
music	Musik	musique	umculo	musiek
neck	Hals	cou	intamo	nek
neighbor	Nachbar	voisin	ummelwane	buurman
news	Nachrichten	nouvelles	iindaba	Nuus
newspaper	Zeitung	journal	Iphephandaba	koerant
night	Nacht	nuit	busuku	nag
noise	Lärm	bruit	ingxolo	geraas
north	Norden	nord	mantla	Noord
nose	Nase	nez	impumlo	neus
november	November	novembre	EyeNkanga	November
objective	Ziel	objectif	Injongo	doel
october	Oktober	octobre	EyeDwarha	Oktober
offense	Vergehen	infraction	ityala	oortreding
office	Beamter	bureau	iofisi	kantoor
officer	Offizier	officier	igosa	offisier
official	offiziell	officiel	igosa	amptelik
openings	Öffnungen	ouvertures	Amuthuba	openinge
origin	Herkunft	origine	imvelaphi	oorsprong
result	Ergebnis	résultat	isiphumo	gevolg
paintings	Malereien	peintures	imizobo	skilderye
paper	Papier	papier	iphepha	papier
paragraph	Absatz	paragraphe	umhlathi	paragraaf
parish	Gemeinde	paroisse	ibandla	gemeente
parliament	Parlament	parlement	ipalamente	parlement
partnership	Partnerschaft	partenariat	ulwahlulelwano	vennootskap
past	Vergangenheit	passé	elidlulileyo	verlede
path	Pfad	chemin	indlela	pad
payment	Bezahlung	paiement	intlawulo	betaling
peace	Frieden	paix	uxolo	vrede
people	Menschen	personnes	abantu	mense
percentage	Prozentsatz	pourcentage	ipesenti	persentasie
person	Person	personne	umntu	persoon
airplane	Flugzeug	avion	inqwelo-moya	vliegtuig
plastic	Kunststoff	plastique	iplastiki	plastiek
player	Spieler	joueur	umdlali	speler
poetry	Dichtung	poésie	izibongo	gedigte
politician	Politiker	politicien	Umpolitiki	politikus
politics	Politik	politique	ipolitiki	politiek
potential	Potenzial	potentiel	ezinokubakho	potensiaal
poverty	Armut	pauvreté	ubuhlwempu	armoede
premise	Prämisse	prémisse	kwisindululo	uitgangspunt
presence	Gegenwart	présence	ubukho	teenwoordigheid
price	Preis	prix	ixabiso	prys
principle	Prinzip	principe	umgaqo	beginsel
priority	Priorität	priorité	Ukubaluleka	prioriteit
prisoner	Gefangene	prisonnier	umbanjwa	gevangene
problem	Problem	problème	ingxaki	probleem
process	Prozess	processus	inkqubo	proses
product	Produkt	produit	imveliso	produk
professor	Professor	professeur	unjingalwazi	Professor
program	Programm	programme	inkqubo	program
progress	Fortschritt	progrès	inkqubela	vordering
property	Eigentum	propriété	ipropati	eiendom
student	Schüler	élève	umfundi	student
purpose	Zweck	objectif	injongo	doel
quality	Qualität	qualité	uphawu	gehalte
queen	Königin	reine	ukumkanikazi	koningin
reaction	Reaktion	réaction	impendulo	reaksie
reader	Leser	lecteur	umfundi	leser
reality	Wirklichkeit	réalité	inyaniso	werklikheid
recession	Rezession	récession	ukurhoxa	resessie
reduction	Reduktion	réduction	ukunciphisa	vermindering
regime	Regime	régime	ulawulo	regime
relief	Erleichterung	soulagement	isiqabu	verligting
republic	Republik	république	iriphabliki	Republiek
reputation	Ansehen	réputation	isidima	reputasie
requirement	Anforderung	exigence	imfuneko	vereiste
resident	Einwohner	résident	ummi	inwoner
resistance	Widerstand	résistance	ukuxhathisa	weerstand
resolution	Auflösung	résolution	isisombululo	resolusie
resource	Ressource	ressource	ubutyebi	hulpbron
response	Antwort	réponse	impendulo	reaksie
result	Ergebnis	résultat	isiphumo	gevolg
retirement	Ruhestand	retraite	umhlala-phantsi	aftrede
revenue	Einnahmen	revenu	ingeniso	inkomste
revolution	Revolution	révolution	inguqu	revolusie
river	Fluss	fleuve	umlambo	rivier
road	Straße	route	indlela	pad
roof	Dach	toit	uphahla	dak
room	Zimmer	pièce	igumbi	kamer
security	Sicherheit	sécurité	ukhuseleko	sekuriteit
sale	Verkauf	vente	intengiso	koop
saturday	Samstag	samedi	uMgqibelo	Saterdag
savings	Ersparnisse	économies	Mali eselugcinweni	spaar
sea	Meer	mer	ulwandle	see
second	zweite	deuxième	Isibini	tweede
secretary	Sekretär	secrétaire	unobhala	sekretaris
security	Sicherheit	sécurité	ukhuseleko	sekuriteit
sentence	Satz	phrase	isigwebo	sin
september	September	septembre	EyoMsintsi	September
series	Serie	série	uthotho	reeks
servant	Diener	serviteur	isicaka	dienaar
shareholder	Gesellschafter	actionnaire	zabelo	aandeelhouer
sheep	Schaf	mouton	igusha	skape
shirt	Hemd	chemise	ihempe	hemp
shoe	Schuh	chaussure	isihlangu	skoen
side	Seite	côté	icala	kant
Mister	Herr	monsieur	Tat	Mister
sister	Schwester	sœur	usisi	suster
size	Größe	taille	ubungakanani	grootte
skill	Geschick	compétence	ubuchule	vaardigheid
sky	Himmel	ciel	isibhakabhaka	lug
soccer	Fußball	football	ibhola ekhatywayo	sokker
society	Gesellschaft	société	uluntu	samelewing
son	Sohn	fils	unyana	seun
song	Lied	chanson	ingoma	lied
soul	Seele	âme	umphefumlo	siel
south	Süden	sud	mazantsi	Suid
space	Raum	espace	isithuba	ruimte
species	Spezies	espèce	iintlobo	spesies
spirit	Geist	esprit	umoya	gees
stair	Stufe	marche	ezite-	trap
status	Status	statut	iwonga	status
story	Geschichte	histoire	ibali	storie
street	Straße	rue	isitalato	straat
strength	Stärke	force	amandla	krag
student	Student	étudiant	umfundi	student
success	Erfolg	succès	impumelelo	sukses
sugar	Zucker	sucre	iswekile	suiker
summer	Sommer	été	ihlobo	somer
summit	Gipfel	sommet	ngqungquthela	beraad
sunday	Sonntag	dimanche	iCawe	Sondag
surgery	Chirurgie	chirurgie	utyando	chirurgie
symptom	Symptom	symptôme	uphawu	simptoom
tank	Panzer	réservoir	itanki	tenk
task	Aufgabe	tâche	umsebenzi	taak
tea	Tee	thé	iti	tee
teacher	Lehrer	enseignant	utitshala	onderwyser
team	Mannschaft	équipe	iqela	span
technology	Technologie	technologie	iteknoloji	tegnologie
tenant	Mieter	locataire	umqeshi	huurder
watch	Uhr	tendance	khangela	watch
territory	Gebiet	territoire	ummandla	gebied
theatre	Theater	théâtre	ithiyetha	teater
theme	Thema	thème	umxholo	tema
theory	Theorie	théorie	ithiyori	teorie
thing	Ding	chose	into	ding
thousand	Tausend	mille	iwaka	duisend
threat	Bedrohung	menace	isoyikiso	bedreiging
throat	Kehle	gorge	umqala	keel
thursday	Donnerstag	jeudi	uLwesine	Donderdag
title	Titel	titre	isihloko	titel
tool	Werkzeug	outil	isixhobo	gereedskap
tooth	Zahn	dent	izinyo	tand
topic	Thema	sujet	isihloko	onderwerp
town	Stadt	ville	idolophu	dorp
traffic	Verkehr	circulation	yendlela	verkeer
treatment	Behandlung	traitement	impatho	behandeling
treaty	Abkommen	traité	umnqophiso	verdrag
tree	Baum	arbre	umthi	boom
trend	Trend	tendance	umkhwa	tendens
troop	Trupp	troupe	amajarha	bende
truth	Wahrheit	vérité	inyaniso	waarheid
unit	Einheit	unité	unit	eenheid
universe	Universum	univers	indalo yonke	heelal
university	Universität	université	iyunivesithi	universiteit
user	Benutzer	utilisateur	umsebenzisi	gebruiker
valley	Tal	vallée	intlambo	vallei
variety	Abwechslung	variété	iintlobo	verskeidenheid
vehicle	Fahrzeug	véhicule	isithuthi	voertuig
victim	Opfer	victime	ixhoba	slagoffer
victory	Sieg	victoire	uloyiso	oorwinning
visitor	Besucher	visiteur	undwendwe	besoeker
wage	Lohn	salaire	ngemivuzo	loon
wall	Wand	mur	udonga	muur
wealth	Reichtum	richesse	ubutyebi	rykdom
weapon	Waffe	arme	isixhobo	wapen
weather	Wetter	Météo	Imo yezulu	weer
wednesday	Mittwoch	mercredi	uLwesithathu	Woensdag
week	Woche	semaine	iveki	week
weight	Gewicht	poids	ubunzima	gewig
west	Westen	ouest	bucala ngasekunene	weste
wife	Ehefrau	femme	inkosikazi	vrou
window	Fenster	fenêtre	ifestile	venster
wing	Flügel	aile	iphiko	vleuel
winner	Sieger	gagnant	ophumeleleyo	wenner
woman	Frau	femme	Mfazi	vrou
wood	Holz	bois	iinkuni	hout
word	Wort	mot	igama	woord
work	Arbeit	travail	umsebenzi	werk
world	Welt	monde	ihlabathi	wêreld
writer	Schriftsteller	écrivain	umbhali	skrywer
year	Jahr	an	unyaka	jaar
youth	Jugend	jeunesse	ulutsha	jeug
to accept	akzeptieren	accepter	ukwamkela	om te aanvaar
to care	sich kümmern	prendre soin de	ukukhathala	om om te gee
to enjoy	genießen	profiter	ukonwabela	geniet
to happen	passieren	se dérouler	ukwenzeka	om te gebeur
to lead	führen	conduire	ukukhokhela	om te lei
to open	öffnen	ouvrir	ukuvula	om oop te maak
to reduce	reduzieren	réduire	ukunciphisa	te verminder
to settle	sich niederlassen	s'installer	ukuhlalisa	op te los
to teach	unterrichten	enseigner	ukufundisa	om te leer
to account	berücksichtigen	rendre des comptes	kwi-akhawunti	rekening
to carry	tragen	porter	ukubamba	om te dra
to count	zählen	compter	ukubala	om te tel
to examine	prüfen	examiner	ukuba ukuhlolisisa	om te ondersoek
to hate	hassen	détester	ukubathiya	te haat
to learn	lernen	apprendre	ukufunda	om te leer
to order	bestellen	commander	uku-oda	bestel
to refer	verweisen	Se référer	ukubhekisela	om te verwys
to shake	schütteln	secouer	ukuyishukumisa	om te skud
to tell	erzählen	dire	ukuxela	vertel
to achieve	erreichen	atteindre	ukuphumelela	bereik
to catch	fangen	attraper	ukubamba	te vang
to cover	zudecken	couvrir	ukwegquma	om te bedek
to exist	existieren	exister	ukubakho	om te bestaan
to have	haben	avoir	ukufumana	om te hê
to leave	verlassen	partir	ukuhamba	om te verlaat
to reflect	reflektieren	tenir compte	ukubonakalisa	om te besin
to tend	tendieren	de s'occuper	walusa	om dit te bewerk
to act	handeln	agir	ukwenza intshukumo	om op te tree
to cause	verursachen	provoquer	ukwenza	om te veroorsaak
to create	erschaffen	créer	ukudala	om te skep
to expect	erwarten	s'attendre à	ukulindela	om te verwag
to head	leiten	diriger	ukukhokhela	om te lei
to lend	verleihen	prêter	Ukoboleka	te leen
to own	besitzen	posséder	ukuyenza eyakho	om te besit
to refuse	ablehnen	refuser	Ukwala	om te weier
to share	teilen	partager	ukwabelana	om te deel
to test	probieren	tester	ukuvavanya	om te toets
to add	hinzufügen	ajouter	Ukongeza	om aan te las
to change	wechseln	changer	ukutshintsha	om te verander
to cross	kreuzen	traverser	ukuwela	oor te steek
to experience	erleben	connaître	ukubanamava	om te ondervind
to hear	hören	entendre	ukuva	om te hoor
to let	lassen	laisser	ukuzisa	om jou te laat
to pass	bestehen	passer	ukudlula	om te slaag
to regard	beachten	de considérer	ukuba ngokuphathelele	om betrekking
to shoot	schießen	tirer	ukuba kutolwe	om te skiet
to thank	danken	remercier	ukubulela	bedank
to admit	zugeben	admettre	ukuyivuma	om te erken
to charge	aufladen	faire payer	Uhlawulisa	te hef
to cry	weinen	pleurer	ukulila	om te huil
to explain	erklären	expliquer	ukucacisa	te verduidelik
to help	helfen	aider	ukunceda	om te help
to lie	lügen	mentir	ukuxoka	lieg
to pay	bezahlen	payer	ukuhlawula	om te betaal
to relate	sich beziehen	Rapporter	ukuba babalise	om 'n verband
to think	denken	penser	ukucinga	om te dink
to affect	beeinflussen	Affecter	kuchaphazela	om te beinvloed
to check	überprüfen	vérifier	ukujonga	Om te kyk
to cut	schneiden	couper	ukusika	om te sny
to express	ausdrücken	exprimer	ukuvakalisa	uit te druk
to hide	verstecken	cacher	ukufihla	om weg te steek
to like	mögen	apprécier	ukuthanda	om soos
to perform	aufführen	Exécuter	ukwenza	om op te tree
to release	loslassen	Libérer	ukukhulula	vry te stel
to shout	rufen	crier	ukukhwaza	te skree
to throw	werfen	lancer	Ukujula	om te gooi
to afford	sich leisten	se permettre	Ukufikeleleka	bekostig
to choose	auswählen	choisir	ukukhetha	om van te kies
to damage	beschädigen	endommager	ukuba umonakalo	om skade
to extend	erweitern	étendre	ukwandisa	om te verleng
to hit	schlagen	frapper	Ukubetha	om te tref
to limit	begrenzen	limiter	ukuba umda	te beperk
to pick	auswählen	choisir	ukcola	op te tel
to remain	bleiben	rester	ukuma	om te bly
to show	zeigen	montrer	ukubonisa	om te wys
to touch	berühren	toucher	ukumchukumisa	om aan te raak
to agree	zustimmen	être d'accord	ukuba uyavumelana	om saam te stem
to claim	beanspruchen	prétendre	Ukufuna	aanspraak
to dance	tanzen	danser	ukudanisa	om te dans
to face	begegnen	faire face à	ukujongana	gesig
to hold	halten	tenir	ukubamba	om vas te hou
to link	verlinken	lier	ukukhonkca	na skakel
to place	hinstellen	placer	ukuya kwindawo	te plaas
to remember	erinnern	se souvenir	ukukhumbula	onthou
to shut	schließen	fermer	ukuluvala	af te sluit
to train	trainieren	entraîner	ukuqeqesha	om op te lei
to aim	zielen	viser	onokujonga	na te streef
to clean	reinigen	nettoyer	ukucoca	om skoon te maak
to deal	handeln	négocier	ukujongana	om te gaan
to fail	versagen	échouer	Ukunga phumeleli	om te misluk
to hope	hoffen	espérer	ukubanethemba	hoop
to listen	zuhören	écouter	Ukumamela	om te luister
to plan	planen	planifier	ukucwangcisa	om te beplan
to remove	entfernen	retirer	ukususa	om te verwyder
to sing	singen	chanter	ukucula	om te sing
to travel	reisen	voyager	ukuhamba	om te reis
to allow	erlauben	autoriser	ukuvumela	om toe te laat
to clear	löschen	nettoyer	ukuba alihlambulule	om skoon te maak
to decide	entscheiden	decider	ukuba isigqibo	om te besluit
to fall	fallen	tomber	ukuwa	om te val
to hurt	verletzen	blesser	ukwenzakalisa	om seer te maak
to live	leben	vivre	ukuphila	om te lewe
to play	spielen	jouer	ukudlala	om te speel
to repeat	wiederholen	répéter	ukuba aphinde	herhaal
to sit	sitzen	s'asseoir	ukuhlala	om te sit
to treat	behandeln	traiter	ukunyanga	te behandel
to answer	antworten	répondre	ukuphendula	om te antwoord
to climb	klettern	escalader	ukukhwela	om te klim
to deliver	zustellen	livrer	ukuze ndibahlangule	om af te lewer
to fasten	fixieren	attacher	yanxitywa	om vas
to identify	identifizieren	pour identifier	ukuchonga	om te indentifiseer
to look	sehen	regarder	ukujonga	om te kyk
to point	darauf hinweisen	pointer	ukuba babugxininise	om te wys
to replace	ersetzen	remplacer	ukuba indawo	om te vervang
to sleep	schlafen	dormir	ukulala	slaap
to try	versuchen	essayer	ukuzama	probeer
to appear	erscheinen	apparaître	ukuba avele	om te verskyn
to close	schließen	fermer	ukuvala	te sluit
to demand	fordern	demander	ukuba bafune	om aan te dring
to feed	füttern	nourrir	okondla	om te voed
to imagine	vorstellen	imaginer	ukuba ucinge	om te dink
to lose	verlieren	perdre	ukwaphulukana	om te verloor
to prefer	bevorzugen	préférer	ukuba bakhetha	verkies
to reply	antworten	répondre	ukuba mawuthini	om te antwoord
to smile	lächeln	sourir	ukuncuma	om te glimlag
to turn	drehen	tourner	ukujika	om te draai
to apply	sich bewerben	s'appliquer	Ukufaka isicelo	om aansoek te doen
to collect	sammeln	collecter	ukuqokelela	om te kollekteer
to deny	bestreiten	nier	ukukhanyela	om te ontken
to feel	fühlen	sentir	ukuva	voel
to improve	verbessern	améliorer	ukuphucula	om te verbeter
to love	lieben	aimer	ukuthanda	om lief te hê
to prepare	vorbereiten	préparer	ukulungisa	om voor te berei
to report	berichten	signaler	ukuba ingxelo	aan te meld
to sort	sortieren	Trier	ukuba bazihlele	uit te sorteer
to understand	verstehen	comprendre	ukuqonda	om te verstaan
to argue	argumentieren	se disputer	Ukuxoxa	om te stry
to come	kommen	venir	ukuza	kom
to depend	abhängig sein	dépendre	ukuba sixhomekeke	afhanklik
to fight	kämpfen	combattre	ukulwa	om te veg
to include	einschließen	inclure	ukubandakanya	in te sluit
to make	machen	faire	ukwenza	te maak
to present	präsentieren	présenter	ukuba niyinikele	aan te bied
to represent	repräsentieren	représenter	ukumela	om te verteenwoordig
to sound	klingen	paraitre	nokukhalisa	klink
to use	benutzen	utiliser	ukusebenzisa	gebruik
to arrange	arrangieren	organiser	ukuba amalungiselelo	om te reël
to commit	begehen	S'engager	ukuba benze	te pleeg
to describe	beschreiben	décrire	ukuchaza	te beskryf
to fill	füllen	remplir	ukugcwalisa	in te vul
to increase	erhöhen	augmenter	ukwenyusa	om te verhoog
to manage	managen	Gérer	ukulawula	bestuur
to press	drücken	Pour appuyer	cofa	te druk
to require	benötigen	exiger	ukuya kufuna	te vereis
to speak	sprechen	parler	ukuthetha	om te praat
to be used to	gewohnt sein	Avoir l'habitude de	ukuba kusetyenziswa	om gebruik te
to arrive	ankommen	arriver	ukufika	om te arriveer
to compare	vergleichen	comparer	ukuthelekisa	om te vergelyk
to design	designen	Concevoir	ukuyila	te ontwerp
to find	finden	trouver	ukufumana	om uit te vind
to indicate	anzeigen	Indiquer	ukubonisa	om aan te dui
to mark	markieren	marquer	ukuphawula	merk
to prevent	verhindern	pour prévenir	Ukunqanda	om te verhoed
to rest	ausruhen	se reposer	ukuphumla	om te rus
to stand	stehen	Se tenir debout	ukuma	om op te staan
to visit	besuchen	visiter	ukundwendwela	om te besoek
to ask	fragen	demander	ukubuza	om te vra
to complain	sich beschweren	se plaindre	ukukhalaza	om te kla
to destroy	zerstören	détruire	ukutshabalalisa	om te vernietig
to finish	beenden	pour finir	ukugqiba	om klaar te maak
to influence	beeinflussen	influencer	ukuba nempembelelo	om te beïnvloed
to matter	bedeuten	compter	kumba	saak
to produce	produzieren	produire	ukuvelisa	te produseer
to result	dazu führen	résulter	ukuba ikhokelela	tot gevolg
to start	anfangen	commencer	ukuqala	om te begin
to vote	abstimmen	voter	ukuba bavote	om te stem
to attack	angreifen	attaquer	ukuhlasela	aan te val
to complete	fertigstellen	compléter	ukugqiba	om te voltooi
to develop	entwickeln	développer	ukuphuhlisa	om te ontwikkel
to fit	passen	S'adapter	ukungena	aan te pas
to inform	informieren	informer	ukwazisa	in te lig
to promise	versprechen	promettre	undithembise	om te belowe
to return	Zurückkehren	revenir	ukubuya	om terug te keer
to state	aussagen	établir	ukuba urhulumente	staat
to wait	warten	attendre	ukulinda	Om te wag
to avoid	vermeiden	éviter	ukubaleka	om te vermy
to concern	betreffen	de préoccuper	ukuba inkxalabo	kommer
to die	sterben	mourir	ukufa	Om dood te gaan
to fly	fliegen	voler	ukubhabha	om te vlieg
to intend	beabsichtigen	avoir l'intention de	ukuba uzimisele	beplan
to mean	meinen	vouloir dire	ukuthetha ukuba	om te beteken
to protect	beschützen	protéger	ukukhusela	om te beskerm
to reveal	enthüllen	révéler	ukumtyhilela	om te ontbloot
to stay	bleiben	rester	ukuhlala	om te bly
to walk	gehen	marcher	ukuhamba	om te wandel
to base	begründen	fonder	ukuba isiseko	na die basis
to confirm	bestätigen	confirmer	ukuqinisekisa	om te bevestig
to disappear	verschwinden	disparaître	zinyamalele	om te verdwyn
to fold	falten	plier	ukuba songa	om te vou
to introduce	vorstellen	Présenter	ukwazisa	bekend te stel
to measure	messen	mesurer	ukulinganisa	te meet
to prove	beweisen	prouver	ukubonisa ubunyani	om te bewys
to ring	klingeln	sonner	zaya khonkcweni	om te lui
to stick	stecken	coller	ukunamathela	om vas te hou
to want	wollen	vouloir	Ukufuna	wil
to be	sein	être	ukuba	om te wees
to connect	verbinden	se connecter	ukuzidibanisa	om aan te sluit
to discover	entdecken	découvrir	ukuba kukuphina	om te ontdek
to follow	folgen	suivre	ukulandela	om te volg
to invite	einladen	inviter	ukumema	uit te nooi
to meet	treffen	rencontrer	ukudibana	om te voldoen aan
to provide	bereitstellen	fournir	ukunikeza	om te voorsien
to rise	aufsteigen	se lever	ukwenyuka	styg
to stop	stoppen	arrêter	ukumisa	om op te hou
to warn	warnen	avertir	ukuba alumkise	te waarsku
to beat	schlagen	battre	Ukubetha	om te klop
to consider	etwas erwägen	considérer	ukucingela	om te oorweeg
to discuss	diskutieren	Discuter	Ukuxoxa	om te bespreek
to force	zwingen	forcer	ukunyanzela	te dwing
to involve	involvieren	impliquer	ukubandakanya	te betrek
to mention	erwähnen	à mentionner	ukukhankanya	om op te noem
to publish	veröffentlichen	de publier	ukupapasha	om te publiseer
to roll	rollen	à rouler	lokujikelezisa	te rol
to study	studieren	étudier	ukufunda	om te studeer
to wash	waschen	laver	bahlambe	te was
to become	werden	devenir	ukubayi	raak
to consist	bestehen	consister	iqulunqwe	om uit
to divide	teilen	diviser	ukuba bahlule	te verdeel
to forget	vergessen	oublier	ukulibala	om te vergeet
to join	beitreten	joindre	ukujoyina	om aan te sluit
to pull	ziehen	tirer	ukutsala	om te trek
to run	rennen	courir	ukubaleka	om te hardloop
to succeed	erfolgreich sein	réussir	ukuphumelela	om sukses te behaal
to watch	beobachten	regarder	ukubukela	om te kyk
to begin	beginnen	pour commencer	ukuqalisa	om te begin
to contact	kontaktieren	contacter	ukuba uqhagamshelane	te kontak
to do	tun	faire	ukwenza	om te doen
to forgive	verzeihen	pardonner	lokuxolela	om te vergewe
to jump	springen	sauter	ukuba utsibe	om te spring
to mind	etwas ausmachen	avoir àl'esprit	engqondweni	na vore
to push	drücken	pousser	ibihlaba	te stoot
to save	speichern	économiser	ukugcuna	om te spaar
to suffer	leiden	souffrir	ukuba ubunzima	te ly
to wear	tragen	porter	ukunxiba	om te dra
to believe	glauben	croire	ukukholwa	om te glo
to contain	enthalten	contenir	ukuqulatha	bevat
to dress	sich kleiden	s'habiller	ukunxiba	om aan te trek
to form	formen	constituer	ukwenza	te vorm
to keep	behalten	garder	ukugcina	om te hou
to miss	vermissen	manquer	ukukhumbula	misloop nie
to put	stellen	mettre	ukubeka	om te sit
to say	sagen	dire	ukuthi	om te sê
to suggest	vorschlagen	suggérer	ukucebisa	voor te stel
to belong	gehören	appartenir	ukuba lilungu	behoort
to continue	weitermachen	continuer	ukuqhubeka	om voort te gaan
to drink	trinken	boire	ukusela	om te drink
to found	gründen	trouver	ukuba ndiseke	om gevind
to kick	treten	donner un coup de pied	ukhaba	om te skop
to move	bewegen	bouger	ukuhamba	om te beweeg
to raise	erheben	augmenter	ukukhulisa	om op te lig
to see	sehen	à voir	ukubona	om te sien
to suit	passen	Pour convenir	ukulungela	aan te pas
to win	gewinnen	gagner	ukuphumelela	om te wen
to break	brechen	casser	ukwephula	om te breek
to contribute	beitragen	contribuer	ukuba negalelo	om by te dra
to drive	fahren	conduire	ukuqhuba	om te ry
to gain	zunehmen	gagner	ukufumana	om te wen
to kill	töten	tuer	ukubulala	om dood te maak
to reach	erreichen	atteindre	ukufika	te bereik
to seem	scheinen	sembler	ukuba ngathi	lyk
to supply	versorgen	fournir	ukuba unikeze	te voorsien
to wish	wünschen	souhaiter	ukuba unqwenela	toe te wens
to build	bauen	construire	ukwakha	om te bou
to control	kontrollieren	contrôler	ukuba ulawulo	beheer
to drop	fallen lassen	laisser tomber	ukuwisa	daal
to get	bekommen	obtenir	ukufumana	om te kry
to knock	klopfen	frapper	ninkqonkqoze	om te klop
to need	benötigen	avoir besoin	Ukufuna	om te benodig
to read	lesen	lire	ukufunda	om te lees
to sell	verkaufen	vendre	ukuthengisa	om te verkoop
to support	unterstützen	soutenir	ukuxhasa	om ondersteuning
to wonder	sich wundern	se demander	ukuba uyazibuza	om te wonder
to burn	brennen	brûler	ukuba aqhumisele	te verbrand
to cook	kochen	cuisiner	ukupheka	kook
to eat	essen	manger	Ukutya	om te eet
to give	geben	donner	ukunikeza	om te gee
to know	wissen	à savoir	ukwazi	om te weet
to notice	bemerken	remarquer	ukuba uqaphele	om op te let
to realize	feststellen	réaliser	ukubona	om te besef
to send	senden	envoyer	ukuthumela	stuur
to suppose	vermuten	supposer	ukuba siyamkele	om te veronderstel
to work	arbeiten	travailler	ukusebenza	werk
to buy	kaufen	acheter	ukuthenga	te koop
to copy	kopieren	copier	ukukhuphela	kopieer
to enable	ermöglichen	autoriser	ukwenzela ukuba	in staat te stel
to go	gehen	aller	ukuhamba	om te gaan
to last	dauern	durer	ukuhlala ixesha elide	om te hou
to obtain	erhalten	obtenir	ukufumana	om te bekom
to receive	bekommen	recevoir	ukufumana	te ontvang
to separate	trennen	séparer	ukusahlula	om te skei
to survive	überleben	survivre	ukuze sisinde	om te oorleef
to worry	sich Sorgen machen	s'inquiéter	moss	om te bekommer
to call	anrufen	appeler	ukubiza	om te bel
to correct	korrigieren	corriger	ukulungisa	om reg te maak
to encourage	ermutigen	encourager	ukukhuthaza	om aan te moedig
to grow	wachsen	grandir	ukukhula	om te groei
to laugh	lachen	rire	ukuhleka	om te lag
to occur	passieren	avoir lieu	ukuba yenzeke	om te gebeur
to recognize	erkennen	reconnaître	ukunakana	om te erken
to serve	dienen	servir	ukuseva	om te bedien
to take	nehmen	prendre	Yise e	te neem
to cost	kosten	coûter	ukuba iindleko	om koste
to end	beenden	finir	ukuphelisa	om te eindig
to handle	handhaben	gérer	ukubamba	om te hanteer
to lay	liegen	coucher	angalalisa	om te lê
to offer	anbieten	offrir	ukunikeza	om aan te bied
to record	aufzeichnen	enregistrer	ukuba babhale	aan te teken
to set	etwas bestimmen	mettre en place	ukuseta	op te rig
to talk	sprechen	parler	ukuthetha	om te praat
to write	schreiben	écrire	ukubhala	om te skryf
to accuse	beschuldigen	accuser	yokulumangalela	te beskuldig
to celebrate	feiern	célébrer	ukubhiyzela	te vier
to disturb	stören	déranger	ukuphazamisa	steur
to file	einordnen	classer	kwifayile	om te liasseer
to light	anzünden	éclairer	ekukhanyeni	om lig te gee
to promote	befördern	promouvoir	ukuthengisa	om te bevorder
to sail	segeln	naviguer	ukuba kudlulwe	te vaar
to switch	wechseln	commuter	ukuya kula desktop	om te verander
to advise	beraten	conseiller	ukuze icebise	te adviseer
to combine	kombinieren	combiner	ukudibanisa	te kombineer
to dominate	dominieren	dominer	ukuyongamela	oorheers
to fire	feuern	virer	ukuba umlilo	om te vuur
to list	auflisten	lister	ukudwelisa	om 'n lys
to question	in Frage stellen	questionner	ukuthandabuza	bevraagteken
to satisfy	befriedigen	satisfaire	ukwanelisa	om te voldoen aan
to taste	schmecken	goûter	ukungcamla	om te proe
to appoint	ernennen	nommer	ukuqesha	om aan te stel
to comment	kommentieren	commenter	ukuba izimvo	om kommentaar te lewer
to doubt	zweifeln	douter	ukuba bathandabuze	om te twyfel
to fix	reparieren	Réparer	ukulungisa	om reg te maak
to lock	abschließen	verrouiller	ukutshixa	te sluit
to race	rennen	faire la course	nobuhlanga	van ras
to score	punkten	marquer	ukuba amanqaku	teken punte aan
to tear	reißen	pleurer	ukukrazula	skeur
to appreciate	wertschätzen	apprécier	siqonde	om te waardeer
to conclude	schlussfolgern	de conclure	ukushwankathela	in afsluiting
to dream	träumen	rêver	ukuba iphupha	om te droom
to flow	fließen	couler	ukuba iqukuqele	om te vloei
to maintain	aufrecht erhalten	Maintenir	ukugcina	te onderhou
to recommend	empfehlen	recommander	kungacetyiswa ukuba	om aan te beveel
to search	suchen	chercher	ukukhangela	om te soek
to threaten	bedrohen	Menacer	ukuze oyikise	om te dreig
to approach	sich nähern	s'approcher	ukusondela	te benader
to conduct	etwas leiten	mener	ukuba aqhube	uit te voer
to dry	trocknen	sécher	ukuba yome	om droog te maak
to generate	generieren	générer	ukujikelezisa	om te genereer
to marry	heiraten	se marier	ukutshata	om te trou
to recover	erholen	se remettre	ukuze afumane	om te herstel
to seek	suchen	chercher	Ukufuna	om te soek
to tie	binden	attacher	imitya	te bind
to arrest	verhaften	arrêter	ukuba bambambe	in hegtenis te neem
to construct	erstellen	construire	ukwakha	om te bou
to earn	verdienen	gagner	ukufumana	verdien
to grant	gewähren	Accorder	ukuba anike	om toe te laat
to match	passen	correspondre	ukudibanisa	te pas
to regret	bereuen	regretter	kuzisola	om spyt te wees
to sink	sinken	couler	ukutshona	Om te sink
to transfer	übermitteln	transférer	ukutshintshela	oor te dra
to attempt	versuchen	tenter	ukuba uzame	om te probeer
to convince	überzeugen	convaincre	nokubohlwaya	te oortuig
to elect	wählen	élire	wokonyula	om te kies
to guess	raten	deviner	ukuqashisela ukuba	om te raai
to mix	mischen	mélanger	uxutywe	om te meng
to reject	ablehnen	rejeter	yokugatya	te verwerp
to slip	rutschen	glisser	ukutyibilika	te glip
to trust	vertrauen	faire confiance	ukukholosa	te vertrou
to attend	teilnehmen	participer	Zimasa	om by te woon
to cope	beweältigen	Faire face	ukumelana	om te gaan
to emerge	hervorkommen	Émerger	ukuba ivele	te voorskyn kom
to hand	etwas überreichen	À la main	ukuba isandla	om te gee
to name	benennen	appeler	igama	te noem
to relax	entspannen	se relaxer	ukuphumla	om te ontspan
to smoke	rauchen	fumer	ukuba ukutshaya	om te rook
to vary	variieren	faire varier	lahlukile	wissel
to attract	anziehen	attirer	ukutsala	om aan te trek
to criticize	kritisieren	critiquer	ukugxeka	om te kritiseer
to employ	beschäftigen	employer	ukuba isebenzise	om in diens te neem
to ignore	ignorieren	ignorer	ngoyaba	om te ignoreer
to note	notieren	constater	ukuqaphela	om daarop te let
to rely	sich verlassen auf	compter sur	ukuba sithembele	om staat te maak
to solve	lösen	résoudre	ukulungisa	om op te los
to view	sehen	regarder	ukubonisela	om te aanskou
to behave	sich benehmen	se comporter	ukuba baziphathe	om te gedra
to dare	sich trauen	oser	ubudela	te waag
to ensure	sicherstellen	s'assurer	ukuqinisekisa	te verseker
to illustrate	um zu veranschaulichen	pour illustrer	ukucacisa	om te illustreer
to occupy	besetzen	occuper	ukuba ithabathele	om te beset
to remind	erinnern	rappeler	ukukhumbuza	om te onthou
to spread	verbreiten	étendre	ukusasaza	om te versprei
to waste	verschwenden	gaspiller	ngokujaceka	te mors
to bend	biegen	plier	ukuba ukugoba	buig
to date	miteinander ausgehen	sortir avec	ukuya kumhla	tot op hede
to escape	fliehen	pour échapper à	ukubaleka	om te ontsnap
to impress	beeindrucken	impressionner	ukuze ndiwakhumbule	om te beïndruk
to organize	organisieren	organiser	ukuba aququzelele	om te organiseer
to resist	widerstehen	à résister	ukuxhathisa	om te weerstaan
to star	eine Hauptrolle spielen	pour jouer	iinkwenkwezi	te ster
to wave	winken	dire au revoir	ukuba itshangatshangiswe	waai
to benefit	profitieren	bénéficier	ukuba inzuzo	om te baat by
to declare	verkünden	déclarer	ukuvakalisa	om te verklaar
to establish	etablieren	établir	ukuseka	om vas te stel
to insist	auf etwas bestehen	insister	ukulixelela ukuba	aan te dring
to owe	schulden	devoir	ukuba babenzele	om te skuld
to respect	respektieren	respecter	ukuba malunga	om te respekteer
to steal	stehlen	voler	ukweba	om te steel
to weigh	wiegen	peser	ukuba uthandaze	te weeg
to bite	beißen	mordre	ukuba alunywe	om te byt
to decline	ablehnen	baisser	ukuba ungarhoxa	afneem
to estimate	schätzen	estimer	ukuqikelela	om te skat
to invent	erfinden	inventer	okusungula	om uit te vind
to paint	malen	peindre	Ukupeyinta	om te verf
to respond	antworten	répondre	ukusabela	om te reageer
to step	schreiten	avancer d'un pas	kwinyathelo	te stap
to welcome	begrüßen	d'accueillir	ukwamkela	om te verwelkom
to blame	beschuldigen	reprocher	ukutyola	om te blameer
to defeat	besiegen	vaincre	ukuba litshitshiswe	om te oorwin
to exchange	wechseln	échanger	kutshintshiselwano	uit te ruil
to investigate	untersuchen	enquêter	ukuze aphande	om ondersoek in te
to permit	erlauben	Autoriser	ukuvumela	om toe te laat
to restrict	beschränken	restreindre	ukuba imiqathango	om te beperk
to store	lagern	stocker	ukugcina	om te stoor
to blow	blasen	souffler	ukuba avuthele	te blaas
to defend	verteidigen	défendre	ukuthethelela	te verdedig
to exclude	ausschließen	exclure	ukuba ngaphandle	uit te sluit
to issue	ausgeben	Émettre	ukuba akhuphe	uit te reik
to persuade	überreden	pour convaincre	ukuba beyiseke	om te oortuig
to retire	in Rente gehen	partir à la retraite	ukuba umhlala	om af te tree
to stretch	strecken	étirer	ndisolule	te rek
to bother	ärgern	déranger	ungenakuwuxhalabela	te pla
to define	definieren	définir	ukuchaza	om te definieer
to excuse	entschuldigen	Excuser	bafun	om verskoning
to judge	beurteilen	juger	ukuba ngumgwebi	om te oordeel
to phone	telefonieren	téléphoner	kwifowuni	bel
to review	überprüfen	réviser	ukuba ihlole	te hersien
to strike	streiken	frapper	lokuqhankqalaza	om te staak
to breathe	atmen	respirer	ukuphefumla	om asem te haal
to dig	graben	à creuser	ukwemba	om te grawe
to expand	erweitern	étendre	ukwandisa	om uit te brei
to justify	rechtfertigen	justifier	ku hlamusela	te regverdig
to possess	besitzen	posséder	ukuba nilime	om in besit te neem
to ride	reiten	conduire	ukukhwela	om te ry
to surround	umgeben	entourer	ukuze zingqonge	om omring
to burst	platzen	éclater	kugqabhuka	bars
to direct	leiten	à diriger	ukwalathisa	te rig
to explore	erforschen	explorer	ukuba baphicothe	te verken
to land	landen	atterrir	emhlabeni	tot grond
to pour	eingießen	verser	ukuze ndiyiphalaze	te gooi
to risk	riskieren	risquer	ukuba umngcipheko	om risiko
to suspect	vermuten	suspecter	orhanela	om te vermoed
to calculate	berechnen	calculer	ukubala	te bereken
to dismiss	ablehnen	de rejeter	ukuze ndiyeke	te ontslaan
to fear	fürchten	avoir peur	ukumoyika	om te vrees
to launch	starten	lancer	ukuba ukusungulwa	om bekendstelling
to practise	üben	pratiquer	ukuqhelisela	uit te oefen
to rule	regieren	Gouverner	ukuba alawule	te regeer
to swim	Schwimmen	nager	ukuqubha	om te swem
to capture	erfassen	capturer	ukuba zifake	te vang
to display	anzeigen	afficher	ukubonisa	te vertoon
to feature	aufweisen	Mettre en vedette	ukuba osemqoka	om funksie
to lean	lehnen	s'appuyer	onokukhalela	om op te leun
to print	drucken	imprimer	yokuprinta	druk
to rush	stürzen	se précipiter	ukuba bakuphembelele	te jaag
to swing	schaukeln	Balancer	sokujingajinga	om te swaai
to abandon	aufgeben	Abandonner	ukuba ndikushiye	om te laat vaar
to cheat	betrügen	tricher	yokukopa	om te kul
to drag	ziehen	traîner	ukuba utsalo	om te sleep
to heat	heizen	chauffer	ebushushwini	aan hitte
to object	widersprechen	élever une objection	ukuba into	om voorwerp
to pursue	verfolgen	poursuivre	ukuba ukulandela	na te streef
to sign	unterschreiben	signer	ukuba basayine	om aan te meld
to tackle	anpacken	tacler	ukuba kuhoywane	aan te pak
to admire	bewundern	admirer	ukuba bamhlonele	Om te admireer
to chew	kauen	mâcher	ihlafuna	om te kou
to draw	zeichnen	dessiner	ukuzoba	om te trek
to hesitate	zögern	hésiter	ukuba madolw	om huiwer
to oblige	verpflichten	obliger	okunyanzela	om te dwing
to qualify	qualifizieren	qualifier	ukufanelekela	om te kwalifiseer
to slide	schlittern	glisser	kwisilayidi	te skuif
to tap	klopfen	Toucher	ukuze kufunyanwe	om te tik
to adopt	adoptieren	adopter	ukuze amkele	om aan te neem
to collapse	zusammenbrechen	S'effondrer	ukuyisonga	om te val
to drown	ertrinken	se noyer	singaliva	om te verdrink
to house	unterbringen	loger	ukuya kwindlu	huis
to observe	beobachten	observer	ukuba bazigcine	in ag te neem
to quit	beenden	quitter	ukuyeka	om op te hou
to smash	zerschlagen	fracasser	abadubulanayo	te smash
to trace	verfolgen	tracer	ukuba ukulandela	op te spoor
to advertise	werben	faire de la publicité	ukuba sibhengeze	om te adverteer
to compose	komponieren	composer	ukuba baqambe	om saam te stel
to educate	ausbilden	pour éduquer	kukufundisa	op te voed
to hurry	sich beeilen	se dépêcher	mandikhawulezise	gou te maak
to oppose	ablehnen	s'opposer	ukuchasa	teen te staan
to quote	zitieren	citer	ukucaphula	om aan te haal
to smell	riechen	sentir	ukunukisa	te ruik
to trade	handeln	négocier	ukuba yorhwebo	om handel te dryf
to announce	ankündigen	annoncer	ukwazisa	om aan te kondig
to condemn	verurteilen	condamner	ukuba zihluthe	veroordeel
to emphasize	hervorheben	Souligner	ukugxininisa	om te beklemtoon
to imply	implizieren	impliquer	ungavakali	impliseer
to overcome	überwinden	surpasser	ukoyisa	te oorkom
to rain	regnen	pleuvoir	ukunetha	om te reën
to spell	buchstabieren	épeler	ukupela	om te spel
to transform	transformieren	transformer	ukuba inguqu	om te transformeer
to appeal	ansprechen	Faire appel	ukuba isibheno	om te appelleer
to confuse	verwirren	confondre	ukubhidekisa	te verwar
to entertain	unterhalten	distraire	ukonwabisa	om te vermaak
to import	importieren	importer	ukuya elizweni	invoer
to pack	packen	faire ses valises	ndipakishe	om te pak
to react	reagieren	réagir	ukuba asabele	om te reageer
to spill	verschütten	renverser	achitheke	om te mors
to translate	übersetzen	traduire	ukuba aguqulele	om te vertaal
to approve	genehmigen	approuver	lokuvuma	goed te keur
to congratulate	gratulieren	féliciter	Siyavuyisana	gelukwens
to exaggerate	übertreiben	Exagérer	ukubaxa	te oordryf
to impose	verhängen	d'imposer	lokuwisa	op te lê
to park	parken	se garer	ukuba apake	om te parkeer
to reckon	schätzen	estimer	ukubalelana	afreken
to spin	drehen	tourner	ukuba spin	spin
to transport	transportieren	transporter	ukuba izithuthi	vervoer
to assist	helfen	aider	ukuncedisa	om te help
to consult	konsultieren	consulter	ukuba bajonge	te raadpleeg
to explode	explodieren	exploser	ukuba abe ligqabi	om te ontplof
to injure	verletzen	blesser	nza	te beseer
to pause	pausieren	arrêter, mettre en pause	ukuba umvumele	te breek
to register	registrieren	enregistrer	ukuba babhalise	om te registreer
to split	aufteilen	séparer	ukuba angazahluli	om op The breek
to trap	einfangen	piéger	ukuze mgibe	te vang
to assume	annehmen	présumer	ukurhwaphilizela	om aan te neem
to convert	umwandeln	convertir	ukuguqula	om te skakel
to exploit	ausnutzen	exploiter	ukuxhaphaza	te ontgin
to install	installieren	à installer	ukufakela	om te installeer
to perceive	wahrnehmen	percevoir	yokwazi	om te verstaan
to relieve	entlasten	pour soulager	kokubambela	om te verlig
to spoil	verderben	gâter	nasekuphangweni	te bederf
to twist	verdrehen	tordre	iimbombozi	om te draai
to attach	befestigen	attacher	ukufakelela	te heg
to convey	vermitteln	Transmettre	ukugqithisa	oor te dra
to export	exportieren	exporter	ukuba urhwebe ngaphandle	uit te voer
to insult	beleidigen	insulter	isigculelo	om belediging
to plant	pflanzen	planter	ukuba izityalo	om te plant
to rent	mieten	louer	ukuqesha	te huur
to sponsor	sponsern	sponsoriser	ukuba indixhase	om borg
to upset	aufregen	contrarier	ukucaphukisa	om ontstel
to award	vergeben	accorder	asivunyelwa	toe te ken
to convict	verurteilen	condamner	uyamgweba	om te oortuig
to favour	begünstigen	Favoriser	lokuyibabala	om ten gunste van
to interrupt	unterbrechen	interrompre	ukuba ziphazamise	om te onderbreek
to please	erfreuen	plaire	ukwenelisa	om tevrede te stel
to repair	reparieren	réparer	ukuba alungise	herstel
to squeeze	auspressen	serrer	balukuhlwe	te druk
to urge	drängen	d'exhorter	amwisele	aan te dring
to back	unterstützen	retourner	uzakubuyela	om terug
to cough	husten	tousser	ukuba isikhohlela	hoes
to flash	aufblitzen	à clignoter	ukuba flash	flits
to interview	befragen	interviewer	ukuba udliwano	om 'n onderhoud
to pop	knallen	éclater	ukuba izakuvelisa	pop
to rescue	retten	sauver	uyihlangulayo	om te red
to stamp	stempeln	Tamponner	ukuyiphelisa	te roei
to value	wertschätzen	estimer	ukuba ixabiso	om waarde
to balance	ausbalancieren	équilibrer	ukulungelelanisa	te balanseer
to crack	zerbrechen	à craquer	ukuba iqhekeke	om te kraak
to float	treiben	flotter	ukuba udade	om te dryf
to invest	investieren	investir	ukutyala	om te belê
to post	abschicken	poster	ukungathumeli	te plaas
to reserve	reservieren	réserver	ukuba ziyigcine	om reserwe
to steer	lenken	Diriger	yitshintshe	bestuur
to vanish	verschwinden	disparaitre	kuthi shwaka	verdwyn
to ban	verbannen	exclure	sokuvala	te verbied
to crash	zerstören	s'écraser	kubetheka	om te crash
to flood	fluten	Innonder	ugcwale	vloed
to kiss	küssen	embrasser	ukuba amange	te soen
to pray	beten	prier	ukuba sithandaze	om te bid
to resign	zurücktreten	démissionner	ukurhoxa	om te bedank
to stir	rühren	remuer	ukuba usikhwezele	op te wek
to wake	aufwachen	réveiller	ukuba avuse	om wakker
to bear	ertragen	supporter	ukunyamezela	uit te oefen
to delay	verzögern	retarder	yokulibazisa	om te vertraag
to focus	konzentrieren	se concentrer	ukuba bagxininise	om te fokus
to lack	fehlen	manquer	banokungabi	tekort skiet
to predict	prognostizieren	prédire	ukuqikelela	om te voorspel
to reverse	umkehren	inverser	ukuba umva	om te keer
to strengthen	stärken	à renforcer	ukomeleza	te versterk
to whisper	flüstern	chuchoter	ku sebeza	fluister
to bet	wetten	parier	ukuba bet	n weddenskap aangaan
to demonstrate	demonstrieren	démontrer	ukubonisa	om aan te toon
to free	befreien	libérer	asimahla	gratis
to lift	heben	Lever	ukuba avule	om op te tel
to preserve	konservieren	conserver	ukulondoloza	om te preserveer
to rub	reiben	frotter	iyabosulela	om te vryf
to stress	betonen	souligner	kuxinezeleko	om te stres
to wind	sich winden	aérer	Nceda zama	na aanleiding
to block	blockieren	bloquer	ukubhloka	te sluit
to deserve	verdienen	mériter	ndiyenzileyo	om te verdien
to freeze	frieren	geler	ngumkhenkce	te vries
to load	laden	charger	ukulayisha	om te laai
to pretend	vorgeben	prétendre	ukuba ngathi	voorgee
to sack	entlassen	mettre à la porte	ukuba aphe	om te sak
to struggle	sich abmühen	lutter	ukuba umzabalazo	om stryd
to wipe	wischen	pour essuyer	okususa	te wis
to boil	kochen	bouillir	ungalipheki	kook
to devise	ersinnen	Concevoir	ukuba athelekelele	om te bedink
to frighten	erschrecken	effrayer	kukoyikisa	om te skrik
to locate	lokalisieren	pour localiser	ukuze zifumane	op te spoor
to proceed	fortfahren	procéder	ukuba uqhubeke	om voort te gaan
to scream	schreien	hurler	khala	te skree
to submit	einreichen	soumettre	ukuba angenise	in te dien
to withdraw	sich zurückziehen	Se rétracter	lokusirhoxisa	om te onttrek
to book	buchen	réserver	ukubhuka	om te bespreek
to disagree	widersprechen	être en désaccord	ukuba nineembono	om te verskil
to govern	regieren	Gouverner	bazilawule	om te regeer
to manufacture	herstellen	à fabriquer	aphuhluyo	te vervaardig
to process	verarbeiten	traiter	ukuba inkqubo	om te
to select	auswählen	pour sélectionner	ukuba ukhethe	om te kies
to surprise	überraschen	surprendre	ngokuman	om te verras
to witness	bezeugen	être témoin de	okushumayela	om te getuig
to brush	bürsten	brosser	ukuxukuxa	om te borsel
to disapprove	missbilligen	Désapprouver	ukuba ndithiye	om afkeur
to grab	fassen	attraper	ndimbambe	te gryp
to monitor	überwachen	surveiller	ukuba iliso	te monitor
to progress	vorankommen	progresser	ukuba inkqubela	om te vorder
to sense	spüren	détecter	ukuyiva	om sin
to survey	befragen	faire un sondage	kulibhala	om opname
to wrap	einpacken	Envelopper	ukuba azisongele	toe te draai
to bury	begraben	enterrer	ukuba ndimngcwabe	te begrawe
to dislike	nicht mögen	ne pas aimer	ukuba uyayicaphukela	om laaik
to graduate	graduieren	être diplômé	ukuba bapase	gradueer
to mount	montieren	à monter	ukunyusa	na die berg
to pronounce	aussprechen	prononcer	ukuba avakalise	om uit te spreek
to shape	formen	façonner	emile	te vorm
to suspend	aussetzen	Suspendre	ugunyazisiweyo	op te skort
to cast	etwas werfen	Jeter	ukuphosa	om te gooi
to distinguish	unterscheiden	distinguer	ukwahlula	om te onderskei
to guarantee	garantieren	garantir	kwi siqinisekiso	om waarborg
to murder	ermorden	assassiner	ukuba abulale	tot moord
to protest	protestieren	protester	lokuqhankqalaza	om te protesteer
to shift	verschieben	à déplacer	ukushifta	te skuif
to swallow	schlucken	avaler	ukuba imginye	om te sluk
to chase	jagen	chasser	kukuleqa	te jaag
to distribute	verteilen	distribuer	ukusasaza	te versprei
to guide	leiten	guider	ukukhokela	om te lei
to negotiate	verhandeln	négocier	ukuba thethana	om te onderhandel
to pump	pumpen	Pomper	yokumpompa	te pomp
to shine	leuchten	briller	malukhanye	om te skyn
to swear	fluchen	jurer	ukuba bafunge	sweer
to chat	plaudern	discuter	ukuncokola	om te gesels
to double	verdoppeln	doubler	kabini	verdubbel
to hang	hängen	Accrocher	sokuxhoma	om te hang
to obey	gehorchen	Obéir	ukuba ukuthobela	om gehoorsaam te wees
to punish	bestrafen	punir	lokohlwaya	te straf
to shock	erschrecken	choquer	ukuba yothuse	om te skok
to sweep	fegen	balayer	ukuba utshayele	om vee