english	german	french	spanish	xhosa	afrikaans
to accuse	beschuldigen	accuser	acusar	yokulumangalela	te beskuldig
to celebrate	feiern	célébrer	celebrar	ukubhiyzela	te vier
to disturb	stören	déranger	molestar	ukuphazamisa	steur
to file	einordnen	classer	archivar	kwifayile	om te liasseer
to light	anzünden	éclairer	iluminar	ekukhanyeni	om lig te gee
to promote	befördern	promouvoir	promover	ukuthengisa	om te bevorder
to sail	segeln	naviguer	navegar	ukuba kudlulwe	te vaar
to switch	wechseln	commuter	cambiar	ukuya kula desktop	om te verander
to advise	beraten	conseiller	aconsejar	ukuze icebise	te adviseer
to combine	kombinieren	combiner	combinar	ukudibanisa	te kombineer
to dominate	dominieren	dominer	dominar	ukuyongamela	oorheers
to fire	feuern	virer	disparar	ukuba umlilo	om te vuur
to list	auflisten	lister	listar	ukudwelisa	om 'n lys
to question	in Frage stellen	questionner	interrogar	ukuthandabuza	bevraagteken
to satisfy	befriedigen	satisfaire	satisfacer	ukwanelisa	om te voldoen aan
to taste	schmecken	goûter	probar	ukungcamla	om te proe
to appoint	ernennen	nommer	nombrar	ukuqesha	om aan te stel
to comment	kommentieren	commenter	comentar	ukuba izimvo	om kommentaar te lewer
to doubt	zweifeln	douter	dudar	ukuba bathandabuze	om te twyfel
to fix	reparieren	Réparer	fijar	ukulungisa	om reg te maak
to lock	abschließen	verrouiller	bloquear	ukutshixa	te sluit
to race	rennen	faire la course	competir	nobuhlanga	van ras
to score	punkten	marquer	calificar	ukuba amanqaku	teken punte aan
to tear	reißen	pleurer	rasgar	ukukrazula	skeur
to appreciate	wertschätzen	apprécier	apreciar	siqonde	om te waardeer
to conclude	schlussfolgern	de conclure	concluir	ukushwankathela	in afsluiting
to dream	träumen	rêver	soñar	ukuba iphupha	om te droom
to flow	fließen	couler	fluir	ukuba iqukuqele	om te vloei
to maintain	aufrecht erhalten	Maintenir	mantener	ukugcina	te onderhou
to recommend	empfehlen	recommander	recomendar	kungacetyiswa ukuba	om aan te beveel
to search	suchen	chercher	buscar	ukukhangela	om te soek
to threaten	bedrohen	Menacer	amenazar	ukuze oyikise	om te dreig
to approach	sich nähern	s'approcher	acercarse	ukusondela	te benader
to conduct	etwas leiten	mener	conducir	ukuba aqhube	uit te voer
to dry	trocknen	sécher	secar	ukuba yome	om droog te maak
to generate	generieren	générer	generar	ukujikelezisa	om te genereer
to marry	heiraten	se marier	casarse	ukutshata	om te trou
to recover	erholen	se remettre	recuperar	ukuze afumane	om te herstel
to seek	suchen	chercher	buscar	Ukufuna	om te soek
to tie	binden	attacher	atar	imitya	te bind
to arrest	verhaften	arrêter	arrestar	ukuba bambambe	in hegtenis te neem
to construct	erstellen	construire	construir	ukwakha	om te bou
to earn	verdienen	gagner	ganar	ukufumana	verdien
to grant	gewähren	Accorder	conceder	ukuba anike	om toe te laat
to match	passen	correspondre	coincidir	ukudibanisa	te pas
to regret	bereuen	regretter	lamentar	kuzisola	om spyt te wees
to sink	sinken	couler	hundir	ukutshona	Om te sink
to transfer	übermitteln	transférer	transferir	ukutshintshela	oor te dra
to attempt	versuchen	tenter	intentar	ukuba uzame	om te probeer
to convince	überzeugen	convaincre	convencer	nokubohlwaya	te oortuig
to elect	wählen	élire	elegir	wokonyula	om te kies
to guess	raten	deviner	adivinar	ukuqashisela ukuba	om te raai
to mix	mischen	mélanger	mezclar	uxutywe	om te meng
to reject	ablehnen	rejeter	rechazar	yokugatya	te verwerp
to slip	rutschen	glisser	rebalar	ukutyibilika	te glip
to trust	vertrauen	faire confiance	confiar	ukukholosa	te vertrou
to attend	teilnehmen	participer	asistir	Zimasa	om by te woon
to cope	beweältigen	Faire face	hacer frente a	ukumelana	om te gaan
to emerge	hervorkommen	Émerger	surgir	ukuba ivele	te voorskyn kom
to hand	etwas überreichen	À la main	entregar	ukuba isandla	om te gee
to name	benennen	appeler	nombrar	igama	te noem
to relax	entspannen	se relaxer	relajarse	ukuphumla	om te ontspan
to smoke	rauchen	fumer	fumar	ukuba ukutshaya	om te rook
to vary	variieren	faire varier	variar	lahlukile	wissel
to attract	anziehen	attirer	atraer	ukutsala	om aan te trek
to criticize	kritisieren	critiquer	criticar	ukugxeka	om te kritiseer
to employ	beschäftigen	employer	emplear	ukuba isebenzise	om in diens te neem
to ignore	ignorieren	ignorer	ignorar	ngoyaba	om te ignoreer
to note	notieren	constater	notar	ukuqaphela	om daarop te let
to rely	sich verlassen auf	compter sur	confiar	ukuba sithembele	om staat te maak
to solve	lösen	résoudre	resolver	ukulungisa	om op te los
to view	sehen	regarder	ver	ukubonisela	om te aanskou
to behave	sich benehmen	se comporter	comportarse	ukuba baziphathe	om te gedra
to dare	sich trauen	oser	atreverse	ubudela	te waag
to ensure	sicherstellen	s'assurer	asegurar	ukuqinisekisa	te verseker
to illustrate	um zu veranschaulichen	pour illustrer	ilustrar	ukucacisa	om te illustreer
to occupy	besetzen	occuper	ocupar	ukuba ithabathele	om te beset
to remind	erinnern	rappeler	recordar	ukukhumbuza	om te onthou
to spread	verbreiten	étendre	difundir	ukusasaza	om te versprei
to waste	verschwenden	gaspiller	perder	ngokujaceka	te mors
to bend	biegen	plier	curvar	ukuba ukugoba	buig
to date	miteinander ausgehen	sortir avec	fechar	ukuya kumhla	tot op hede
to escape	fliehen	pour échapper à	escapar	ukubaleka	om te ontsnap
to impress	beeindrucken	impressionner	impresionar	ukuze ndiwakhumbule	om te beïndruk
to organize	organisieren	organiser	organizar	ukuba aququzelele	om te organiseer
to resist	widerstehen	à résister	resistir	ukuxhathisa	om te weerstaan
to star	eine Hauptrolle spielen	pour jouer	protagonizar	iinkwenkwezi	te ster
to wave	winken	dire au revoir	agitar	ukuba itshangatshangiswe	waai
to benefit	profitieren	bénéficier	beneficiar	ukuba inzuzo	om te baat by
to declare	verkünden	déclarer	declarar	ukuvakalisa	om te verklaar
to establish	etablieren	établir	establecer	ukuseka	om vas te stel
to insist	auf etwas bestehen	insister	insistir	ukulixelela ukuba	aan te dring
to owe	schulden	devoir	deber	ukuba babenzele	om te skuld
to respect	respektieren	respecter	respetar	ukuba malunga	om te respekteer
to steal	stehlen	voler	robar	ukweba	om te steel
to weigh	wiegen	peser	pesar	ukuba uthandaze	te weeg
to bite	beißen	mordre	morder	ukuba alunywe	om te byt
to decline	ablehnen	baisser	desistir	ukuba ungarhoxa	afneem
to estimate	schätzen	estimer	estimar	ukuqikelela	om te skat
to invent	erfinden	inventer	inventar	okusungula	om uit te vind
to paint	malen	peindre	pintar	Ukupeyinta	om te verf
to respond	antworten	répondre	responder	ukusabela	om te reageer
to step	schreiten	avancer d'un pas	pisar	kwinyathelo	te stap
to welcome	begrüßen	d'accueillir	dar la bienvenida	ukwamkela	om te verwelkom
to blame	beschuldigen	reprocher	culpar	ukutyola	om te blameer
to defeat	besiegen	vaincre	derrotar	ukuba litshitshiswe	om te oorwin
to exchange	wechseln	échanger	intercambiar	kutshintshiselwano	uit te ruil
to investigate	untersuchen	enquêter	investigar	ukuze aphande	om ondersoek in te
to permit	erlauben	Autoriser	permitir	ukuvumela	om toe te laat
to restrict	beschränken	restreindre	restringir	ukuba imiqathango	om te beperk
to store	lagern	stocker	almacenar	ukugcina	om te stoor
to blow	blasen	souffler	soplar	ukuba avuthele	te blaas
to defend	verteidigen	défendre	defender	ukuthethelela	te verdedig
to exclude	ausschließen	exclure	excluir	ukuba ngaphandle	uit te sluit
to issue	ausgeben	Émettre	emitir	ukuba akhuphe	uit te reik
to persuade	überreden	pour convaincre	persuadir	ukuba beyiseke	om te oortuig
to retire	in Rente gehen	partir à la retraite	jubilarse	ukuba umhlala	om af te tree
to stretch	strecken	étirer	estirar	ndisolule	te rek
to bother	ärgern	déranger	molestar	ungenakuwuxhalabela	te pla
to define	definieren	définir	definir	ukuchaza	om te definieer
to excuse	entschuldigen	Excuser	disculpar	bafun	om verskoning
to judge	beurteilen	juger	juzgar	ukuba ngumgwebi	om te oordeel
to phone	telefonieren	téléphoner	telefonear	kwifowuni	bel
to review	überprüfen	réviser	revisar	ukuba ihlole	te hersien
to strike	streiken	frapper	estar de huelga	lokuqhankqalaza	om te staak
to breathe	atmen	respirer	respirar	ukuphefumla	om asem te haal
to dig	graben	à creuser	cavar	ukwemba	om te grawe
to expand	erweitern	étendre	expandir	ukwandisa	om uit te brei
to justify	rechtfertigen	justifier	justificar	ku hlamusela	te regverdig
to possess	besitzen	posséder	poseer	ukuba nilime	om in besit te neem
to ride	reiten	conduire	montar	ukukhwela	om te ry
to surround	umgeben	entourer	rodear	ukuze zingqonge	om omring
to burst	platzen	éclater	estallar	kugqabhuka	bars
to direct	leiten	à diriger	dirigir	ukwalathisa	te rig
to explore	erforschen	explorer	explorar	ukuba baphicothe	te verken
to land	landen	atterrir	aterrizar	emhlabeni	tot grond
to pour	eingießen	verser	verter	ukuze ndiyiphalaze	te gooi
to risk	riskieren	risquer	arriesgar	ukuba umngcipheko	om risiko
to suspect	vermuten	suspecter	sospechar	orhanela	om te vermoed
to calculate	berechnen	calculer	calcular	ukubala	te bereken
to dismiss	ablehnen	de rejeter	despedir	ukuze ndiyeke	te ontslaan
to fear	fürchten	avoir peur	temer	ukumoyika	om te vrees
to launch	starten	lancer	lanzar	ukuba ukusungulwa	om bekendstelling
to practise	üben	pratiquer	practicar	ukuqhelisela	uit te oefen
to rule	regieren	Gouverner	mandar	ukuba alawule	te regeer
to swim	Schwimmen	nager	nadar	ukuqubha	om te swem
to capture	erfassen	capturer	capturar	ukuba zifake	te vang
to display	anzeigen	afficher	mostrar	ukubonisa	te vertoon
to feature	aufweisen	Mettre en vedette	presentar	ukuba osemqoka	om funksie
to lean	lehnen	s'appuyer	apoyarse	onokukhalela	om op te leun
to print	drucken	imprimer	imprimir	yokuprinta	druk
to rush	stürzen	se précipiter	apurarse	ukuba bakuphembelele	te jaag
to swing	schaukeln	Balancer	oscilar	sokujingajinga	om te swaai
to abandon	aufgeben	Abandonner	abandonar	ukuba ndikushiye	om te laat vaar
to cheat	betrügen	tricher	engañar	yokukopa	om te kul
to drag	ziehen	traîner	arrastrar	ukuba utsalo	om te sleep
to heat	heizen	chauffer	calentar	ebushushwini	aan hitte
to object	widersprechen	élever une objection	oponerse	ukuba into	om voorwerp
to pursue	verfolgen	poursuivre	perseguir	ukuba ukulandela	na te streef
to sign	unterschreiben	signer	firmar	ukuba basayine	om aan te meld
to tackle	anpacken	tacler	afrontar	ukuba kuhoywane	aan te pak
to admire	bewundern	admirer	admirar	ukuba bamhlonele	Om te admireer
to chew	kauen	mâcher	masticar	ihlafuna	om te kou
to draw	zeichnen	dessiner	dibujar	ukuzoba	om te trek
to hesitate	zögern	hésiter	dudar	ukuba madolw	om huiwer
to oblige	verpflichten	obliger	obligar	okunyanzela	om te dwing
to qualify	qualifizieren	qualifier	calificar	ukufanelekela	om te kwalifiseer
to slide	schlittern	glisser	deslizarse	kwisilayidi	te skuif
to tap	klopfen	Toucher	tocar	ukuze kufunyanwe	om te tik
to adopt	adoptieren	adopter	adoptar	ukuze amkele	om aan te neem
to collapse	zusammenbrechen	S'effondrer	colapsar	ukuyisonga	om te val
to drown	ertrinken	se noyer	ahogar	singaliva	om te verdrink
to house	unterbringen	loger	alojar	ukuya kwindlu	huis
to observe	beobachten	observer	observar	ukuba bazigcine	in ag te neem
to quit	beenden	quitter	abandonar	ukuyeka	om op te hou
to smash	zerschlagen	fracasser	aplastar	abadubulanayo	te smash
to trace	verfolgen	tracer	rastrear	ukuba ukulandela	op te spoor
to advertise	werben	faire de la publicité	anunciar	ukuba sibhengeze	om te adverteer
to compose	komponieren	composer	componer	ukuba baqambe	om saam te stel
to educate	ausbilden	pour éduquer	educar	kukufundisa	op te voed
to hurry	sich beeilen	se dépêcher	apresurar	mandikhawulezise	gou te maak
to oppose	ablehnen	s'opposer	oponerse	ukuchasa	teen te staan
to quote	zitieren	citer	citar	ukucaphula	om aan te haal
to smell	riechen	sentir	oler	ukunukisa	te ruik
to trade	handeln	négocier	intercambiar	ukuba yorhwebo	om handel te dryf
to announce	ankündigen	annoncer	anunciar	ukwazisa	om aan te kondig
to condemn	verurteilen	condamner	condenar	ukuba zihluthe	veroordeel
to emphasize	hervorheben	Souligner	enfatizar	ukugxininisa	om te beklemtoon
to imply	implizieren	impliquer	implicar	ungavakali	impliseer
to overcome	überwinden	surpasser	superar	ukoyisa	te oorkom
to rain	regnen	pleuvoir	llover	ukunetha	om te reën
to spell	buchstabieren	épeler	deletrear	ukupela	om te spel
to transform	transformieren	transformer	transformar	ukuba inguqu	om te transformeer
to appeal	ansprechen	Faire appel	apelar	ukuba isibheno	om te appelleer
to confuse	verwirren	confondre	confundir	ukubhidekisa	te verwar
to entertain	unterhalten	distraire	entretener	ukonwabisa	om te vermaak
to import	importieren	importer	importar	ukuya elizweni	invoer
to pack	packen	faire ses valises	empacar	ndipakishe	om te pak
to react	reagieren	réagir	reaccionar	ukuba asabele	om te reageer
to spill	verschütten	renverser	derramar	achitheke	om te mors
to translate	übersetzen	traduire	traducir	ukuba aguqulele	om te vertaal
to approve	genehmigen	approuver	aprobar	lokuvuma	goed te keur
to congratulate	gratulieren	féliciter	felicitar	Siyavuyisana	gelukwens
to exaggerate	übertreiben	Exagérer	exagerar	ukubaxa	te oordryf
to impose	verhängen	d'imposer	imponer	lokuwisa	op te lê
to park	parken	se garer	aparcar	ukuba apake	om te parkeer
to reckon	schätzen	estimer	considerar	ukubalelana	afreken
to spin	drehen	tourner	girar	ukuba spin	spin
to transport	transportieren	transporter	transportar	ukuba izithuthi	vervoer
to assist	helfen	aider	asistir	ukuncedisa	om te help
to consult	konsultieren	consulter	consultar	ukuba bajonge	te raadpleeg
to explode	explodieren	exploser	explotar	ukuba abe ligqabi	om te ontplof
to injure	verletzen	blesser	lesionar	nza	te beseer
to pause	pausieren	arrêter, mettre en pause	pausar	ukuba umvumele	te breek
to register	registrieren	enregistrer	registrar	ukuba babhalise	om te registreer
to split	aufteilen	séparer	dividir	ukuba angazahluli	om op The breek
to trap	einfangen	piéger	atrapar	ukuze mgibe	te vang
to assume	annehmen	présumer	asumir	ukurhwaphilizela	om aan te neem
to convert	umwandeln	convertir	convertir	ukuguqula	om te skakel
to exploit	ausnutzen	exploiter	explotar	ukuxhaphaza	te ontgin
to install	installieren	à installer	instalar	ukufakela	om te installeer
to perceive	wahrnehmen	percevoir	percibir	yokwazi	om te verstaan
to relieve	entlasten	pour soulager	aliviar	kokubambela	om te verlig
to spoil	verderben	gâter	estropear	nasekuphangweni	te bederf
to twist	verdrehen	tordre	torcer	iimbombozi	om te draai
to attach	befestigen	attacher	adjuntar	ukufakelela	te heg
to convey	vermitteln	Transmettre	transmitir	ukugqithisa	oor te dra
to export	exportieren	exporter	exportar	ukuba urhwebe ngaphandle	uit te voer
to insult	beleidigen	insulter	insulto	isigculelo	om belediging
to plant	pflanzen	planter	plantar	ukuba izityalo	om te plant
to rent	mieten	louer	alquilar	ukuqesha	te huur
to sponsor	sponsern	sponsoriser	patrocinar	ukuba indixhase	om borg
to upset	aufregen	contrarier	molestar	ukucaphukisa	om ontstel
to award	vergeben	accorder	adjudicar	asivunyelwa	toe te ken
to convict	verurteilen	condamner	condenar	uyamgweba	om te oortuig
to favour	begünstigen	Favoriser	favorecer	lokuyibabala	om ten gunste van
to interrupt	unterbrechen	interrompre	interrumpir	ukuba ziphazamise	om te onderbreek
to please	erfreuen	plaire	agradar	ukwenelisa	om tevrede te stel
to repair	reparieren	réparer	reparar	ukuba alungise	herstel
to squeeze	auspressen	serrer	exprimir	balukuhlwe	te druk
to urge	drängen	d'exhorter	instar	amwisele	aan te dring
to back	unterstützen	retourner	volver	uzakubuyela	om terug
to cough	husten	tousser	toser	ukuba isikhohlela	hoes
to flash	aufblitzen	à clignoter	destellar	ukuba flash	flits
to interview	befragen	interviewer	entrevistar	ukuba udliwano	om 'n onderhoud
to pop	knallen	éclater	estallar	ukuba izakuvelisa	pop
to rescue	retten	sauver	salvar	uyihlangulayo	om te red
to stamp	stempeln	Tamponner	sellar	ukuyiphelisa	te roei
to value	wertschätzen	estimer	valorizar	ukuba ixabiso	om waarde
to balance	ausbalancieren	équilibrer	equilibrar	ukulungelelanisa	te balanseer
to crack	zerbrechen	à craquer	romper	ukuba iqhekeke	om te kraak
to float	treiben	flotter	flotar	ukuba udade	om te dryf
to invest	investieren	investir	invertir	ukutyala	om te belê
to post	abschicken	poster	publicar	ukungathumeli	te plaas
to reserve	reservieren	réserver	reservar	ukuba ziyigcine	om reserwe
to steer	lenken	Diriger	dirigir	yitshintshe	bestuur
to vanish	verschwinden	disparaitre	desaparecer	kuthi shwaka	verdwyn
to ban	verbannen	exclure	prohibir	sokuvala	te verbied
to crash	zerstören	s'écraser	chocar	kubetheka	om te crash
to flood	fluten	Innonder	inundar	ugcwale	vloed
to kiss	küssen	embrasser	besar	ukuba amange	te soen
to pray	beten	prier	orar / rezar	ukuba sithandaze	om te bid
to resign	zurücktreten	démissionner	renunciar	ukurhoxa	om te bedank
to stir	rühren	remuer	revolver	ukuba usikhwezele	op te wek
to wake	aufwachen	réveiller	despertar	ukuba avuse	om wakker
to bear	ertragen	supporter	soportar	ukunyamezela	uit te oefen
to delay	verzögern	retarder	retrasar	yokulibazisa	om te vertraag
to focus	konzentrieren	se concentrer	atención	ukuba bagxininise	om te fokus
to lack	fehlen	manquer	faltar	banokungabi	tekort skiet
to predict	prognostizieren	prédire	predecir	ukuqikelela	om te voorspel
to reverse	umkehren	inverser	retroceder	ukuba umva	om te keer
to strengthen	stärken	à renforcer	fortalecer	ukomeleza	te versterk
to whisper	flüstern	chuchoter	susurrar	ku sebeza	fluister
to bet	wetten	parier	apostar	ukuba bet	n weddenskap aangaan
to demonstrate	demonstrieren	démontrer	demostrar	ukubonisa	om aan te toon
to free	befreien	libérer	liberar	asimahla	gratis
to lift	heben	Lever	levantar	ukuba avule	om op te tel
to preserve	konservieren	conserver	preservar	ukulondoloza	om te preserveer
to rub	reiben	frotter	frotar	iyabosulela	om te vryf
to stress	betonen	souligner	subrayar	kuxinezeleko	om te stres
to wind	sich winden	aérer	enrollar	Nceda zama	na aanleiding
to block	blockieren	bloquer	bloquear	ukubhloka	te sluit
to deserve	verdienen	mériter	merecer	ndiyenzileyo	om te verdien
to freeze	frieren	geler	congelar	ngumkhenkce	te vries
to load	laden	charger	cargar	ukulayisha	om te laai
to pretend	vorgeben	prétendre	pretender	ukuba ngathi	voorgee
to sack	entlassen	mettre à la porte	despedir	ukuba aphe	om te sak
to struggle	sich abmühen	lutter	luchar	ukuba umzabalazo	om stryd
to wipe	wischen	pour essuyer	limpiar	okususa	te wis
to boil	kochen	bouillir	hervir	ungalipheki	kook
to devise	ersinnen	Concevoir	idear	ukuba athelekelele	om te bedink
to frighten	erschrecken	effrayer	asustar	kukoyikisa	om te skrik
to locate	lokalisieren	pour localiser	localizar	ukuze zifumane	op te spoor
to proceed	fortfahren	procéder	proceder	ukuba uqhubeke	om voort te gaan
to scream	schreien	hurler	gritar	khala	te skree
to submit	einreichen	soumettre	enviar	ukuba angenise	in te dien
to withdraw	sich zurückziehen	Se rétracter	retirar	lokusirhoxisa	om te onttrek
to book	buchen	réserver	reservar	ukubhuka	om te bespreek
to disagree	widersprechen	être en désaccord	discrepar	ukuba nineembono	om te verskil
to govern	regieren	Gouverner	gobernar	bazilawule	om te regeer
to manufacture	herstellen	à fabriquer	fabricar	aphuhluyo	te vervaardig
to process	verarbeiten	traiter	procesar	ukuba inkqubo	om te
to select	auswählen	pour sélectionner	seleccionar	ukuba ukhethe	om te kies
to surprise	überraschen	surprendre	sorprender	ngokuman	om te verras
to witness	bezeugen	être témoin de	testificar	okushumayela	om te getuig
to brush	bürsten	brosser	cepillar	ukuxukuxa	om te borsel
to disapprove	missbilligen	Désapprouver	desaprobar	ukuba ndithiye	om afkeur
to grab	fassen	attraper	agarrar	ndimbambe	te gryp
to monitor	überwachen	surveiller	supervisar	ukuba iliso	te monitor
to progress	vorankommen	progresser	progresar	ukuba inkqubela	om te vorder
to sense	spüren	détecter	sentir	ukuyiva	om sin
to survey	befragen	faire un sondage	encuestar	kulibhala	om opname
to wrap	einpacken	Envelopper	envolver	ukuba azisongele	toe te draai
to bury	begraben	enterrer	enterrar	ukuba ndimngcwabe	te begrawe
to dislike	nicht mögen	ne pas aimer	disgustar	ukuba uyayicaphukela	om laaik
to graduate	graduieren	être diplômé	graduar	ukuba bapase	gradueer
to mount	montieren	à monter	montar	ukunyusa	na die berg
to pronounce	aussprechen	prononcer	pronunciar	ukuba avakalise	om uit te spreek
to shape	formen	façonner	formar	emile	te vorm
to suspend	aussetzen	Suspendre	suspender	ugunyazisiweyo	op te skort
to cast	etwas werfen	Jeter	lanzar	ukuphosa	om te gooi
to distinguish	unterscheiden	distinguer	distinguir	ukwahlula	om te onderskei
to guarantee	garantieren	garantir	garantizar	kwi siqinisekiso	om waarborg
to murder	ermorden	assassiner	asesinar	ukuba abulale	tot moord
to protest	protestieren	protester	protestar	lokuqhankqalaza	om te protesteer
to shift	verschieben	à déplacer	cambiar	ukushifta	te skuif
to swallow	schlucken	avaler	tragar	ukuba imginye	om te sluk
to chase	jagen	chasser	perseguir	kukuleqa	te jaag
to distribute	verteilen	distribuer	distribuir	ukusasaza	te versprei
to guide	leiten	guider	guiar	ukukhokela	om te lei
to negotiate	verhandeln	négocier	negociar	ukuba thethana	om te onderhandel
to pump	pumpen	Pomper	bombear	yokumpompa	te pomp
to shine	leuchten	briller	brillar	malukhanye	om te skyn
to swear	fluchen	jurer	jurar	ukuba bafunge	sweer
to chat	plaudern	discuter	charlar	ukuncokola	om te gesels
to double	verdoppeln	doubler	duplicar	kabini	verdubbel
to hang	hängen	Accrocher	colgar	sokuxhoma	om te hang
to obey	gehorchen	Obéir	obedecer	ukuba ukuthobela	om gehoorsaam te wees
to punish	bestrafen	punir	castigar	lokohlwaya	te straf
to shock	erschrecken	choquer	escandalizar	ukuba yothuse	om te skok
to sweep	fegen	balayer	barrer	ukuba utshayele	om vee
ability	Fähigkeit	capacité	capacidad	ukwazi	vermoë
acceptance	Akzeptanz	acceptation	aceptación	ulwamkelo	aanvaarding
acid	Säure	acide	ácido	iasidi	suur
activity	Aktivität	activité	actividad	umsebenzi	aktiwiteit
adult	Erwachsene	adulte	adulto	Mntu omdala	volwassene
advantage	Vorteil	avantage	ventaja	uncedo	voordeel
afternoon	Nachmittag	après-midi	tarde	Jikalanga	middag
agency	Agentur	agence	agencia	iarhente	agentskap
agreement	Vereinbarung	accord	acuerdo	isivumelwano	ooreenkoms
aircraft	Flugzeug	avion	aeronave	inqwelo-moya	lugvaartuig
analysis	Analyse	analyse	análisis	uhlalutyo	ontleding
anxiety	Sorge	anxiété	ansiedad	ixhala	angs
appearance	Aussehen	apparence	apariencia	imbonakalo	voorkoms
approach	Ansatz	approche	enfoque	ukusondela	benadering
april	April	avril	abril	UTshazimpuzi	April
area	Bereich	zone	zona	ummandla	area
army	Armee	armée	ejército	umkhosi	weermag
arrival	Ankunft	arrivée	llegada	ukufika	aankoms
artist	Künstler	artiste	artista	igcisa	kunstenaar
assembly	Montage	assemblage	montaje	indibano	Byeenkoms
assessment	Beurteilung	évaluation	valoración	uvavanyo	assessering
assistance	Unterstützung	assistance	asistencia	uncedo	hulp
assumption	Annahme	supposition	asunción	Ukugqibela	aanname
atmosphere	Atmosphäre	atmosphère	ambiente	umoya	atmosfeer
august	August	août	agosto	EyeThupha	Augustus
authority	Autorität	autorité	autoridad	igunya	Bemagtigde
autumn	Herbst	automne	otoño	ukwindla	herfs
background	Hintergrund	Contexte	fondo	imvelaphi	agtergrond
ball	Ball	balle	pelota	ibhola	bal
bank	Bank	banque	banco	ibhanki	bank
basis	Grundlage	base	base	isiseko	basis
bath	Bad	bain	baño	ibhafu	bad
beauty	Schönheit	beauté	belleza	ubuhle	skoonheid
bed	Bett	lit	cama	ibhedi	bed
belief	Glaube	croyance	creencia	inkolo	geloof
bird	Vogel	oiseau	pájaro	intaka	voël
birth	Geburt	naissance	nacimiento	ukuzalwa	geboorte
blood	Blut	sang	sangre	igazi	bloed
body	Körper	corps	cuerpo	umzimba	liggaam
boy	Junge	garçon	chico	inkwenkwe	seuntjie
breath	Atem	respiration	respiración	umphefumlo	asem
brother	Bruder	frère	hermano	ubhuti	broer
building	Gebäude	bâtiments	edificio	isakhiwo	gebou
business	Unternehmen	affaires	negocio	ishishini	besigheid
buyer	Käufer	acheteur	comprador	umthengi	koper
cake	Kuchen	gâteau	pastel	ikeyiki	koek
candidate	Bewerber	candidat	candidato	umgqatswa	kandidaat
captain	Kapitän	capitaine	capitán	ikhapteni	kaptein
car	Auto	voiture	coche	imoto	kar
card	Karte	carte	tarjeta	ikhadi	kaart
career	Karriere	carrière	carrera	umsebenzi	beroep
case	Fall	cas	caso	ityala	geval
castle	Schloss	château	castillo	inqaba	kasteel
category	Kategorie	catégorie	categoría	udidi	kategorie
cattle	Rinder	bétail	ganado	iinkomo	beeste
center	Zentrum	centre	centro	Isizikithi/Iziko	middel
century	Jahrhundert	siècle	siglo	inkulungwane	eeu
certificate	Zertifikat	certificat	certificado	Isatifiketi	sertifikaat
chapter	Kapitel	chapitre	capítulo	isahluko	hoofstuk
character	Zeichen	personnage	personaje	umlinganiswa	karakter
charity	Nächstenliebe	charité	caridad	isisa	liefdadigheid
cheese	Käse	fromage	queso	itshizi	kaas
chest	Brust	poitrine	pecho	isifuba	bors
child	Kind	enfant	niño	umntwana	kind
childhood	Kindheit	enfance	infancia	ubuntwana	kinderjare
children	Kinder	enfants	niños	abantwana	kinders
christmas	Weihnachten	noël	navidad	Krisimesi	Kersfees
church	Kirche	église	iglesia	icawe	kerk
circle	Kreis	cercle	círculo	isangqa	sirkel
citizen	Bürger	citoyen	ciudadano	ummi	burger
city	Stadt	ville	ciudad	isixeko	Stad
class	Klasse	classe	clase	Umngangatho/Igumbi loku fundela	klas
climate	Klima	climat	clima	Imo yemozulu	klimaat
coal	Kohle	charbon	carbón	amalahle	steenkool
colleague	Kollege	collègue	colega	umlingane	kollega
column	Spalte	colonne	columna	intsika	kolom
commitment	Verpflichtung	engagement	compromiso	ukuzibophelela	verpligting
committee	Ausschuss	comité	comité	ikomiti	komitee
community	Gemeinde	communauté	comunidad	uluntu	gemeenskap
company	Gesellschaft	compagnie	empresa	inkampani	maatskappy
competition	Wettbewerb	compétition	competición	ukhuphiswano	kompetisie
component	Komponente	composant	componente	ilungu	komponent
confidence	Vertrauen	confiance	confianza	ukuzithemba	vertroue
congress	Kongress	congrès	congreso	inkongolo	kongres
core	Kern	noyau	núcleo	umbilini	kern
council	Rat	comité	consejo	ibhunga	Raad
country	Land	pays	país	ilizwe	Kontrei
countryside	ländlicher Raum	campagne	campo	emaphandleni	platteland
county	Bezirk	comté	condado	okwilizwe	prefektuur
course	Kurs	cours	curso	Isifundo	kursus
creation	Schaffung	création	creación	indalo	skepping
criteria	Kriterien	critères	criterios	neenqobo	kriteria
critic	Kritiker	critique	crítico	mhlalutyi	Kritiek
criticism	Kritik	critique	crítica	ukugxekwa	Kritieklewering
currency	Währung	devise	moneda	imali	geldeenheid
customer	Kunde	client	cliente	umthengi	kliënt
darkness	Dunkelheit	obscurité	oscuridad	ubumnyama	duisternis
data	Daten	données	datos	idata	data
daughter	Tochter	fille	hija	Ntwazana	dogter
day	Tag	jour	día	usuku	dag
death	Tod	décès	muerte	ukufa	dood
debt	Schuld	dette	deuda	ityala	skuld
decade	Jahrzehnt	décennie	década	ishumi leminyaka	dekade
december	Dezember	décembre	diciembre	Eyomnga	Desember
defendant	Angeklagter	défendeur	acusado	ummangalelwa	Verdediger
definition	Definition	définition	definición	inkcazelo	definisie
degree	Grad	degré	grado	iqondo	graad
delivery	Lieferung	livraison	entrega	Ukuzisa	aflewering
democracy	Demokratie	démocratie	democracia	Nkululeko	demokrasie
depth	Tiefe	profondeur	profundidad	ubunzulu	diepte
desk	Schreibtisch	bureau	escritorio	idesika	lessenaar
difficulty	Schwierigkeit	difficulté	dificultad	ubunzima	swarigheid
disaster	Katastrophe	désastre	desastre	intlekele	ramp
disease	Krankheit	maladie	enfermedad	isifo	siekte
door	Tür	porte	puerta	ucango	deur
driver	Fahrer	conducteur	conductor	umqhubi	bestuurder
duty	Pflicht	devoir	deber	uxanduva	plig
ear	Ohr	oreille	oído	indlebe	oor
earnings	Ertrag	bénéfices	ganancias	imivuzo	verdienste
earth	Erde	terre	tierra	umhlaba	aarde
east	Osten	est	este	Mpuma langa	oos
economics	Wirtschaftlichkeit	économie	economía	Economics	Ekonomie
economy	Wirtschaft	économie	economía	uqoqosho	ekonomie
effect	Wirkung	effet	efecto	isiphumo	effek
efficiency	Leistungsfähigkeit	efficacité	eficiencia	impumelelo	doeltreffendheid
egg	Ei	œuf	huevo	iqanda	eier
emergency	Notfall	urgence	emergencia	Ngxamiseko	nood
employee	Mitarbeiter	employé	empleado	umqeshwa	werknemer
employer	Arbeitgeber	employeur	empleador	umqeshi	werkgewer
employment	Beschäftigung	emploi	empleo	ingqesho	indiensneming
enemy	Feind	ennemi	enemigo	utshaba	vyand
energy	Energie	énergie	energía	amandla	energie
engine	Motor	moteur	motor	injini	enjin
engineering	Ingenieurwesen	ingénierie	ingeniería	zobunjineli	ingenieurswese
enterprise	Unternehmen	entreprise	empresa	lweshishini	onderneming
entrance	Eingang	entrée	entrada	Ukungena	ingang
entry	Eintrag	entrée	entrada	ukungena	inskrywing
equation	Gleichung	équation	ecuación	equation	vergelyking
equipment	Ausrüstung	équipement	equipo	izixhobo	toerusting
evaluation	Auswertung	évaluation	evaluación	novavanyo	evaluering
evening	Abend	soirée	tarde	ngokuhlwa	aand
event	Ereignis	événement	evento	isiganeko	gebeurtenis
evidence	Beweis	preuve	evidencia	ubungqina	bewyse
examination	Prüfung	examen	examen	uviwo	eksamen
example	Beispiel	exemple	ejemplo	umzekelo	byvoorbeeld
exchange	Austausch	échange	intercambio	utshintshiselwano	ruil
executive	Führungskraft	exécutif	ejecutivo	Isigqeba	uitvoerende
exhibition	Ausstellung	exposition	exposición	umboniso	uitstalling
expectation	Erwartung	attente	expectativa	ukulindela	verwagting
expenditure	Ausgaben	dépense	gasto	inkcitho	uitgawes
key	Schlüssel	mesure	llave	isitshixo	sleutel
fact	Tatsache	fait	hecho	inyaniso	feit
factory	Fabrik	usine	fábrica	ifektri	fabriek
failure	Scheitern	échec	fracaso	ukusilela	mislukking
faith	Glaube	conviction	fe	ukholo	geloof
family	Familie	famille	familia	usapho	gesin
farmer	Bauer	agriculteur	agricultor	Umlimi	boer
february	Februar	février	febrero	EyoMdumba	Februarie
fee	Gebühr	frais	cuota	intlawulo	fooi
field	Feld	champ	campo	intsimi	veld
findings	Ergebnisse	résultats	hallazgos	ezifunyanisiweyo	bevindings
firm	Betrieb	firme	firma	qinile	firma
meat	Fleisch	chair	carne	inyama	vleis
flight	Flug	vol	vuelo	ukubhabha	vlug
food	Lebensmittel	nourriture	comida	ukutya	kos
foot	Fuß	pied	pie	unyawo	voet
forest	Wald	forêt	bosque	ihlathi	bos
foundation	Gründung	fondation	fundación	isiseko	Stigting
framework	Rahmenwerk	cadre	marco	sikhokelo	raamwerk
freedom	Freiheit	liberté	libertad	inkululeko	vryheid
frequency	Häufigkeit	fréquence	frecuencia	sokuquqa	frekwensie
friend	Freund	ami	amigo	umhlobo	vriend
furniture	Möbel	meubles	muebles	Mpahla	meubels
future	Zukunft	futur	futuro	ikamva	toekoms
game	Spiel	jeu	juego	umdlalo	speletjie
gentleman	Gentleman	gentleman	caballero	inene	Heer
gift	Geschenk	cadeau	regalo	isipho	geskenk
girl	Mädchen	fille	chica	intombazana	meisie
glass	Glas	verre	cristal	iglasi	glas
glasses	Brille	lunettes	gafas	iiglasi	bril
god	Gott	dieu	dios	uThixo	God
gold	Gold	or	oro	igolide	goud
goods	Waren	biens	bienes	impahla	goedere
grass	Gras	herbe	hierba	ingca	gras
growth	Wachstum	croissance	crecimiento	ukukhula	groei
guest	Gast	invité	invitado	undwendwe	gas
guitar	Gitarre	guitare	guitarra	Ikatara/Siginci	kitaar
gun	Gewehr	pistolet	pistola	umpu	geweer
hair	Haar	cheveux	pelo	iinwele	hare
health	Gesundheit	santé	salud	impilo	gesondheid
heart	Herz	cœur	corazón	intliziyo	hart
height	Höhe	hauteur	altura	ukuphakama	hoogte
hell	Hölle	enfer	infierno	isihogo	hel
hill	Hügel	colline	colina	induli	Hewel
history	Geschichte	histoire	historia	imbali	geskiedenis
hole	Loch	trou	agujero	umngxuma	gat
horse	Pferd	cheval	caballo	ihashe	perd
hour	Stunde	heure	hora	yure	uur
housing	Unterkunft	logement	viviendas	izindlu	behuising
hundred	Hundert	cent	cien	ikhulu	honderd
identity	Identität	identité	identidad	yesazisi	identiteit
illness	Krankheit	maladie	enfermedad	isigulo	siekte
income	Einkommen	revenu	ingresos	ingeniso	inkomste
industry	Industrie	industrie	industria	ishishini	bedryf
injury	Verletzung	blessure	lesión	ukwenzakala	besering
institute	Institut	institut	instituto	iziko	Instituut
insurance	Versicherung	assurance	seguro	inshorensi	versekering
island	Insel	île	isla	isiqithi	eiland
jacket	Jacke	veste	chaqueta	ibhatyi	baadjie
january	Januar	janvier	enero	EyoMqungu	Januarie
job	Arbeit	emploi	trabajo	umsebenzi	werk
judgement	Urteil	jugement	juicio	isigwebo	oordeel
july	Juli	juillet	julio	EyeKhala	Julie
june	Juni	juin	junio	Isilimela	Junie
king	König	roi	rey	ukumkani	koning
kingdom	Königreich	royaume	reino	ubukumkani	koninkryk
kitchen	Küche	cuisine	cocina	ikhitshi	kombuis
knee	Knie	genou	rodilla	idolo	knie
knife	Messer	couteau	cuchillo	imela	mes
work	Arbeit	travail	trabajo	umsebenzi	werk
laboratory	Labor	laboratoire	laboratorio	ilabhoratri	laboratorium
lady	Dame	dame	dama	inenekazi	dame
landscape	Landschaft	paysage	paisaje	mhlaba	landskap
language	Sprache	langue	idioma	ulwimi	Taal
law	Gesetz	droit	ley	umthetho	wet
leather	Leder	cuir	cuero	isikhumba	leer
leg	Bein	jambe	pierna	umlenze	been
leisure	Freizeit	loisir	ocio	lokuphola	ontspanning
length	Länge	longueur	longitud	ubude	lengte
letter	Brief	lettre	carta	ileta	brief
level	Niveau	niveau	nivel	kwinqanaba	vlak
life	Leben	vie	vida	ubomi	lewe
lip	Lippe	lèvre	labio	umlebe	lip
location	Lage	emplacement	ubicación	indawo	Lokasie
loss	Verlust	perte	pérdida	ilahleko	verlies
majority	Mehrheit	majorité	mayoría	uninzi	meerderheid
man	Mann	homme	hombre	indoda	man
manager	Manager	manager	gerente	umlawuli	bestuurder
march	März	mars	marcha	EyoKwindla	Maart
market	Markt	marché	mercado	imarike	mark
marriage	Ehe	mariage	matrimonio	umtshato	huwelik
meal	Mahlzeit	repas	comida	isidlo	maaltyd
meaning	Bedeutung	signification	significado	intsingiselo	beteken
meat	Fleisch	viande	carne	inyama	vleis
mechanism	Mechanismus	mécanisme	mecanismo	indlela	meganisme
member	Mitglied	membre	miembro	ilungu	lid
membership	Mitgliedschaft	adhésion	afiliación	ubulungu	lidmaatskap
memory	Speicher	mémoire	memoria	inkumbulo	geheue
method	Verfahren	méthode	método	indlela yokwenza	metode
middle	Mitte	milieu	medio	phakathi	middel
mind	Geist	esprit	mente	ingqondo	gedagte
minister	Minister	ministre	ministro	umfundisi	Minister
ministry	Ministerium	ministère	ministerio	inkonzo	bediening
minority	Minderheit	minorité	minoría	igcuntswana	minderheid
mixture	Mischung	mélange	mezcla	umxube	mengsel
money	Geld	argent	dinero	imali	geld
month	Monat	mois	mes	inyanga	maand
mood	Stimmung	humeur	humor	imo	bui
morning	Morgen	matin	mañana	ntseni	oggend
mountain	Berg	montagne	montaña	intaba	berg
movement	Bewegung	mouvement	movimiento	intshukumo	beweging
museum	Museum	musée	museo	imyuziyam	museum
music	Musik	musique	música	umculo	musiek
neck	Hals	cou	cuello	intamo	nek
neighbor	Nachbar	voisin	vecino	ummelwane	buurman
news	Nachrichten	nouvelles	noticias	iindaba	Nuus
newspaper	Zeitung	journal	periódico	Iphephandaba	koerant
night	Nacht	nuit	noche	busuku	nag
noise	Lärm	bruit	ruido	ingxolo	geraas
north	Norden	nord	norte	mantla	Noord
nose	Nase	nez	nariz	impumlo	neus
november	November	novembre	noviembre	EyeNkanga	November
objective	Ziel	objectif	objetivo	Injongo	doel
october	Oktober	octobre	octubre	EyeDwarha	Oktober
offense	Vergehen	infraction	crimen	ityala	oortreding
office	Beamter	bureau	oficina	iofisi	kantoor
officer	Offizier	officier	oficial	igosa	offisier
official	offiziell	officiel	oficial	igosa	amptelik
openings	Öffnungen	ouvertures	aperturas	Amuthuba	openinge
origin	Herkunft	origine	origen	imvelaphi	oorsprong
result	Ergebnis	résultat	resultado	isiphumo	Resultaat
paintings	Malereien	peintures	pinturas	imizobo	skilderye
paper	Papier	papier	papel	iphepha	papier
paragraph	Absatz	paragraphe	párrafo	umhlathi	paragraaf
parish	Gemeinde	paroisse	parroquia	ibandla	gemeente
parliament	Parlament	parlement	parlamento	ipalamente	parlement
partnership	Partnerschaft	partenariat	asociación	ulwahlulelwano	vennootskap
past	Vergangenheit	passé	pasado	elidlulileyo	verlede
path	Pfad	chemin	camino	indlela	pad
payment	Bezahlung	paiement	pago	intlawulo	betaling
peace	Frieden	paix	paz	uxolo	vrede
people	Menschen	personnes	gente	abantu	mense
percentage	Prozentsatz	pourcentage	porcentaje	ipesenti	persentasie
person	Person	personne	persona	umntu	persoon
airplane	Flugzeug	avion	avión	inqwelo-moya	vliegtuig
plastic	Kunststoff	plastique	plástico	iplastiki	plastiek
player	Spieler	joueur	jugador	umdlali	speler
poetry	Dichtung	poésie	poesía	izibongo	gedigte
politician	Politiker	politicien	político	Umpolitiki	politikus
politics	Politik	politique	política	ipolitiki	politiek
potential	Potenzial	potentiel	potencial	ezinokubakho	potensiaal
poverty	Armut	pauvreté	pobreza	ubuhlwempu	armoede
premise	Prämisse	prémisse	premisa	kwisindululo	Veronderstel
presence	Gegenwart	présence	presencia	ubukho	teenwoordigheid
price	Preis	prix	precio	ixabiso	prys
principle	Prinzip	principe	principio	umgaqo	beginsel
priority	Priorität	priorité	prioridad	Ukubaluleka	prioriteit
prisoner	Gefangene	prisonnier	preso	umbanjwa	gevangene
problem	Problem	problème	problema	ingxaki	probleem
process	Prozess	processus	proceso	inkqubo	proses
product	Produkt	produit	producto	imveliso	produk
professor	Professor	professeur	profesor	unjingalwazi	Professor
program	Programm	programme	programa	inkqubo	program
progress	Fortschritt	progrès	progreso	inkqubela	vordering
property	Eigentum	propriété	propiedad	ipropati	eiendom
student	Schüler	élève	alumno	umfundi	student
purpose	Zweck	objectif	propósito	injongo	doel
quality	Qualität	qualité	calidad	uphawu	gehalte
queen	Königin	reine	reina	ukumkanikazi	koningin
reaction	Reaktion	réaction	reacción	impendulo	reaksie
reader	Leser	lecteur	lector	umfundi	leser
reality	Wirklichkeit	réalité	realidad	inyaniso	werklikheid
recession	Rezession	récession	recesión	ukurhoxa	resessie
reduction	Reduktion	réduction	reducción	ukunciphisa	vermindering
regime	Regime	régime	régimen	ulawulo	regime
relief	Erleichterung	soulagement	alivio	isiqabu	verligting
republic	Republik	république	república	iriphabliki	Republiek
reputation	Ansehen	réputation	reputación	isidima	reputasie
requirement	Anforderung	exigence	requisito	imfuneko	vereiste
resident	Einwohner	résident	residente	ummi	inwoner
resistance	Widerstand	résistance	resistencia	ukuxhathisa	weerstand
resolution	Auflösung	résolution	resolución	isisombululo	resolusie
resource	Ressource	ressource	recurso	ubutyebi	hulpbron
response	Antwort	réponse	respuesta	impendulo	reaksie
result	Ergebnis	résultat	resultado	isiphumo	gevolg
retirement	Ruhestand	retraite	jubilación	umhlala-phantsi	aftrede
revenue	Einnahmen	revenu	beneficios	ingeniso	inkomste
revolution	Revolution	révolution	revolución	inguqu	revolusie
river	Fluss	fleuve	río	umlambo	rivier
road	Straße	route	carretera	indlela	pad
roof	Dach	toit	techo	uphahla	dak
room	Zimmer	pièce	habitación	igumbi	kamer
security	Sicherheit	sécurité	seguridad	ukhuseleko	sekuriteit
sale	Verkauf	vente	venta	intengiso	koop
saturday	Samstag	samedi	sábado	uMgqibelo	Saterdag
savings	Ersparnisse	économies	ahorros	Mali eselugcinweni	spaar
sea	Meer	mer	mar	ulwandle	see
second	zweite	deuxième	segundo	Isibini	tweede
secretary	Sekretär	secrétaire	secretario	unobhala	sekretaris
security	Sicherheit	sécurité	seguridad	ukhuseleko	sekuriteit
sentence	Satz	phrase	oración	isigwebo	sin
september	September	septembre	septiembre	EyoMsintsi	September
series	Serie	série	serie	uthotho	reeks
servant	Diener	serviteur	criado	isicaka	dienaar
shareholder	Gesellschafter	actionnaire	accionista	zabelo	aandeelhouer
sheep	Schaf	mouton	oveja	igusha	skape
shirt	Hemd	chemise	camisa	ihempe	hemp
shoe	Schuh	chaussure	zapato	isihlangu	skoen
side	Seite	côté	lado	icala	kant
Mister	Herr	monsieur	señor	Tat	Meneer
sister	Schwester	sœur	hermana	usisi	suster
size	Größe	taille	tamaño	ubungakanani	grootte
skill	Geschick	compétence	habilidad	ubuchule	vaardigheid
sky	Himmel	ciel	cielo	isibhakabhaka	lug
soccer	Fußball	football	fútbol	ibhola ekhatywayo	sokker
society	Gesellschaft	société	sociedad	uluntu	samelewing
son	Sohn	fils	hijo	unyana	seun
song	Lied	chanson	canción	ingoma	lied
soul	Seele	âme	alma	umphefumlo	siel
south	Süden	sud	sur	mazantsi	Suid
space	Raum	espace	espacio	isithuba	ruimte
species	Spezies	espèce	especies	iintlobo	spesies
spirit	Geist	esprit	espíritu	umoya	gees
stair	Stufe	marche	escalera	ezite-	trap
status	Status	statut	estado	iwonga	status
story	Geschichte	histoire	historia	ibali	storie
street	Straße	rue	calle	isitalato	straat
strength	Stärke	force	fuerza	amandla	krag
student	Student	étudiant	estudiante	umfundi	student
success	Erfolg	succès	éxito	impumelelo	sukses
sugar	Zucker	sucre	azúcar	iswekile	suiker
summer	Sommer	été	verano	ihlobo	somer
summit	Gipfel	sommet	cumbre	ngqungquthela	hoogtepunt
sunday	Sonntag	dimanche	domingo	iCawe	Sondag
surgery	Chirurgie	chirurgie	cirugía	utyando	chirurgie
symptom	Symptom	symptôme	síntoma	uphawu	simptoom
tank	Panzer	réservoir	tanque	itanki	tenk
task	Aufgabe	tâche	tarea	umsebenzi	taak
tea	Tee	thé	té	iti	tee
teacher	Lehrer	enseignant	maestro	utitshala	onderwyser
team	Mannschaft	équipe	equipo	iqela	span
technology	Technologie	technologie	tecnología	iteknoloji	tegnologie
tenant	Mieter	locataire	inquilino	umqeshi	huurder
watch	Uhr	tendance	reloj	khangela	arm horlosie
territory	Gebiet	territoire	territorio	ummandla	gebied
theatre	Theater	théâtre	teatro	ithiyetha	teater
theme	Thema	thème	tema	umxholo	tema
theory	Theorie	théorie	teoría	ithiyori	teorie
thing	Ding	chose	cosa	into	ding
thousand	Tausend	mille	mil	iwaka	duisend
threat	Bedrohung	menace	amenaza	isoyikiso	bedreiging
throat	Kehle	gorge	garganta	umqala	keel
thursday	Donnerstag	jeudi	jueves	uLwesine	Donderdag
title	Titel	titre	título	isihloko	titel
tool	Werkzeug	outil	herramienta	isixhobo	gereedskap
tooth	Zahn	dent	diente	izinyo	tand
topic	Thema	sujet	tema	isihloko	onderwerp
town	Stadt	ville	pueblo	idolophu	dorp
traffic	Verkehr	circulation	tráfico	yendlela	verkeer
treatment	Behandlung	traitement	tratamiento	impatho	behandeling
treaty	Abkommen	traité	tratado	umnqophiso	verdrag
tree	Baum	arbre	árbol	umthi	boom
trend	Trend	tendance	tendencia	umkhwa	Trand
troop	Trupp	troupe	tropa	amajarha	bende
truth	Wahrheit	vérité	verdad	inyaniso	waarheid
unit	Einheit	unité	unidad	unit	eenheid
universe	Universum	univers	universo	indalo yonke	heelal
university	Universität	université	universidad	iyunivesithi	universiteit
user	Benutzer	utilisateur	usuario	umsebenzisi	gebruiker
valley	Tal	vallée	valle	intlambo	vallei
variety	Abwechslung	variété	variedad	iintlobo	verskeidenheid
vehicle	Fahrzeug	véhicule	vehículo	isithuthi	voertuig
victim	Opfer	victime	víctima	ixhoba	slagoffer
victory	Sieg	victoire	victoria	uloyiso	oorwinning
visitor	Besucher	visiteur	visitante	undwendwe	besoeker
wage	Lohn	salaire	salario	ngemivuzo	loon
wall	Wand	mur	pared	udonga	muur
wealth	Reichtum	richesse	riqueza	ubutyebi	rykdom
weapon	Waffe	arme	arma	isixhobo	wapen
weather	Wetter	Météo	tiempo	Imo yezulu	weer
wednesday	Mittwoch	mercredi	miércoles	uLwesithathu	Woensdag
week	Woche	semaine	semana	iveki	week
weight	Gewicht	poids	peso	ubunzima	gewig
west	Westen	ouest	oeste	bucala ngasekunene	Wes
wife	Ehefrau	femme	esposa	inkosikazi	vrou
window	Fenster	fenêtre	ventana	ifestile	venster
wing	Flügel	aile	ala	iphiko	vlerk
winner	Sieger	gagnant	ganador	ophumeleleyo	wenner
woman	Frau	femme	mujer	Mfazi	vrou
wood	Holz	bois	madera	iinkuni	hout
word	Wort	mot	palabra	igama	woord
work	Arbeit	travail	trabajo	umsebenzi	werk
world	Welt	monde	mundo	ihlabathi	wêreld
writer	Schriftsteller	écrivain	escritor	umbhali	skrywer
year	Jahr	an	año	unyaka	jaar
youth	Jugend	jeunesse	juventud	ulutsha	jeug
to accept	akzeptieren	accepter	aceptar	ukwamkela	om te aanvaar
to care	sich kümmern	prendre soin de	cuidar	ukukhathala	om om te gee
to enjoy	genießen	profiter	disfrutar	ukonwabela	geniet
to happen	passieren	se dérouler	ocurrir	ukwenzeka	om te gebeur
to lead	führen	conduire	dirigir	ukukhokhela	om te lei
to open	öffnen	ouvrir	abrir	ukuvula	om oop te maak
to reduce	reduzieren	réduire	reducir	ukunciphisa	te verminder
to settle	sich niederlassen	s'installer	resolver	ukuhlalisa	Om af te handel
to teach	unterrichten	enseigner	enseñar	ukufundisa	om te leer
to account	berücksichtigen	rendre des comptes	considerar	kwi-akhawunti	Om te bereken
to carry	tragen	porter	llevar	ukubamba	om te dra
to count	zählen	compter	contar	ukubala	om te tel
to examine	prüfen	examiner	examinar	ukuba ukuhlolisisa	om te ondersoek
to hate	hassen	détester	odiar	ukubathiya	te haat
to learn	lernen	apprendre	aprender	ukufunda	om te leer
to order	bestellen	commander	ordenar	uku-oda	bestel
to refer	verweisen	Se référer	referir	ukubhekisela	om te verwys
to shake	schütteln	secouer	sacudir	ukuyishukumisa	om te skud
to tell	erzählen	dire	contar	ukuxela	vertel
to achieve	erreichen	atteindre	lograr	ukuphumelela	bereik
to catch	fangen	attraper	atrapar	ukubamba	te vang
to cover	zudecken	couvrir	cubrir	ukwegquma	om te bedek
to exist	existieren	exister	existir	ukubakho	om te bestaan
to have	haben	avoir	tener	ukufumana	om te hê
to leave	verlassen	partir	dejar	ukuhamba	om te verlaat
to reflect	reflektieren	tenir compte	reflejar	ukubonakalisa	om te besin
to tend	tendieren	de s'occuper	atender	walusa	instandhouding
to act	handeln	agir	actuar	ukwenza intshukumo	om op te tree
to cause	verursachen	provoquer	causar	ukwenza	om te veroorsaak
to create	erschaffen	créer	crear	ukudala	om te skep
to expect	erwarten	s'attendre à	esperar	ukulindela	om te verwag
to head	leiten	diriger	dirigir	ukukhokhela	om te lei
to lend	verleihen	prêter	prestar	Ukoboleka	te leen
to own	besitzen	posséder	poseer	ukuyenza eyakho	om te besit
to refuse	ablehnen	refuser	rechazar	Ukwala	om te weier
to share	teilen	partager	compartir	ukwabelana	om te deel
to test	probieren	tester	probar	ukuvavanya	om te toets
to add	hinzufügen	ajouter	añadir	Ukongeza	om aan te las
to change	wechseln	changer	cambiar	ukutshintsha	om te verander
to cross	kreuzen	traverser	cruzar	ukuwela	oor te steek
to experience	erleben	connaître	experimentar	ukubanamava	om te ondervind
to hear	hören	entendre	oír	ukuva	om te hoor
to let	lassen	laisser	dejar	ukuzisa	om jou te laat
to pass	bestehen	passer	pasar	ukudlula	om te slaag
to regard	beachten	de considérer	considerar	ukuba ngokuphathelele	om betrekking
to shoot	schießen	tirer	disparar	ukuba kutolwe	om te skiet
to thank	danken	remercier	dar gracias	ukubulela	bedank
to admit	zugeben	admettre	admitir	ukuyivuma	om te erken
to charge	aufladen	faire payer	cargar	Uhlawulisa	te hef
to cry	weinen	pleurer	llorar	ukulila	om te huil
to explain	erklären	expliquer	explicar	ukucacisa	te verduidelik
to help	helfen	aider	ayudar	ukunceda	om te help
to lie	lügen	mentir	mentir	ukuxoka	lieg
to pay	bezahlen	payer	pagar	ukuhlawula	om te betaal
to relate	sich beziehen	Rapporter	relacionar	ukuba babalise	om 'n verband
to think	denken	penser	pensar	ukucinga	om te dink
to affect	beeinflussen	Affecter	afectar	kuchaphazela	om te beinvloed
to check	überprüfen	vérifier	comprobar	ukujonga	Om te kyk
to cut	schneiden	couper	cortar	ukusika	om te sny
to express	ausdrücken	exprimer	expresar	ukuvakalisa	uit te druk
to hide	verstecken	cacher	esconder	ukufihla	om weg te steek
to like	mögen	apprécier	gustar	ukuthanda	om soos
to perform	aufführen	Exécuter	actuar	ukwenza	om op te tree
to release	loslassen	Libérer	soltar	ukukhulula	vry te stel
to shout	rufen	crier	gritar	ukukhwaza	te skree
to throw	werfen	lancer	lanzar	Ukujula	om te gooi
to afford	sich leisten	se permettre	permitirse	Ukufikeleleka	bekostig
to choose	auswählen	choisir	escoger	ukukhetha	om van te kies
to damage	beschädigen	endommager	dañar	ukuba umonakalo	om skade
to extend	erweitern	étendre	ampliar	ukwandisa	om te verleng
to hit	schlagen	frapper	golpear	Ukubetha	om te tref
to limit	begrenzen	limiter	limitar	ukuba umda	te beperk
to pick	auswählen	choisir	recoger	ukcola	op te tel
to remain	bleiben	rester	permanecer	ukuma	om te bly
to show	zeigen	montrer	mostrar	ukubonisa	om te wys
to touch	berühren	toucher	tocar	ukumchukumisa	om aan te raak
to agree	zustimmen	être d'accord	estar de acuerdo	ukuba uyavumelana	om saam te stem
to claim	beanspruchen	prétendre	reclamar	Ukufuna	aanspraak
to dance	tanzen	danser	bailar	ukudanisa	om te dans
to face	begegnen	faire face à	afrontar	ukujongana	gesig
to hold	halten	tenir	sostener	ukubamba	om vas te hou
to link	verlinken	lier	enlazar	ukukhonkca	na skakel
to place	hinstellen	placer	colocar	ukuya kwindawo	te plaas
to remember	erinnern	se souvenir	recordar	ukukhumbula	onthou
to shut	schließen	fermer	cerrar	ukuluvala	af te sluit
to train	trainieren	entraîner	entrenar	ukuqeqesha	om op te lei
to aim	zielen	viser	apuntar	onokujonga	na te streef
to clean	reinigen	nettoyer	limpiar	ukucoca	om skoon te maak
to deal	handeln	négocier	tratar	ukujongana	om te gaan
to fail	versagen	échouer	fallar	Ukunga phumeleli	om te misluk
to hope	hoffen	espérer	esperanza	ukubanethemba	hoop
to listen	zuhören	écouter	escuchar	Ukumamela	om te luister
to plan	planen	planifier	planear	ukucwangcisa	om te beplan
to remove	entfernen	retirer	eliminar	ukususa	om te verwyder
to sing	singen	chanter	cantar	ukucula	om te sing
to travel	reisen	voyager	viajar	ukuhamba	om te reis
to allow	erlauben	autoriser	permitir	ukuvumela	om toe te laat
to clear	löschen	nettoyer	limpiar	ukuba alihlambulule	om skoon te maak
to decide	entscheiden	decider	decidir	ukuba isigqibo	om te besluit
to fall	fallen	tomber	caer	ukuwa	om te val
to hurt	verletzen	blesser	herir	ukwenzakalisa	om seer te maak
to live	leben	vivre	vivir	ukuphila	om te lewe
to play	spielen	jouer	jugar	ukudlala	om te speel
to repeat	wiederholen	répéter	repetir	ukuba aphinde	herhaal
to sit	sitzen	s'asseoir	sentar	ukuhlala	om te sit
to treat	behandeln	traiter	tratar	ukunyanga	te behandel
to answer	antworten	répondre	responder	ukuphendula	om te antwoord
to climb	klettern	escalader	escalar	ukukhwela	om te klim
to deliver	zustellen	livrer	entregar	ukuze ndibahlangule	om af te lewer
to fasten	fixieren	attacher	sujetar	yanxitywa	om vas
to identify	identifizieren	pour identifier	identificar	ukuchonga	om te indentifiseer
to look	sehen	regarder	mirar	ukujonga	om te kyk
to point	darauf hinweisen	pointer	apuntar	ukuba babugxininise	om te wys
to replace	ersetzen	remplacer	reemplazar	ukuba indawo	om te vervang
to sleep	schlafen	dormir	dormir	ukulala	slaap
to try	versuchen	essayer	intentar	ukuzama	probeer
to appear	erscheinen	apparaître	aparecer	ukuba avele	om te verskyn
to close	schließen	fermer	cerrar	ukuvala	te sluit
to demand	fordern	demander	pedir	ukuba bafune	om aan te dring
to feed	füttern	nourrir	alimentar	okondla	om te voed
to imagine	vorstellen	imaginer	imaginar	ukuba ucinge	om te dink
to lose	verlieren	perdre	perder	ukwaphulukana	om te verloor
to prefer	bevorzugen	préférer	preferir	ukuba bakhetha	verkies
to reply	antworten	répondre	responder	ukuba mawuthini	om te antwoord
to smile	lächeln	sourir	sonreír	ukuncuma	om te glimlag
to turn	drehen	tourner	convertir	ukujika	om te draai
to apply	sich bewerben	s'appliquer	aplicar	Ukufaka isicelo	om aansoek te doen
to collect	sammeln	collecter	recoger	ukuqokelela	om te kollekteer
to deny	bestreiten	nier	negar	ukukhanyela	om te ontken
to feel	fühlen	sentir	sentir	ukuva	voel
to improve	verbessern	améliorer	mejorar	ukuphucula	om te verbeter
to love	lieben	aimer	amar	ukuthanda	om lief te hê
to prepare	vorbereiten	préparer	preparar	ukulungisa	om voor te berei
to report	berichten	signaler	informar	ukuba ingxelo	aan te meld
to sort	sortieren	Trier	ordenar	ukuba bazihlele	uit te sorteer
to understand	verstehen	comprendre	entender	ukuqonda	om te verstaan
to argue	argumentieren	se disputer	discutir	Ukuxoxa	om te stry
to come	kommen	venir	venir	ukuza	kom
to depend	abhängig sein	dépendre	depender	ukuba sixhomekeke	afhanklik
to fight	kämpfen	combattre	luchar	ukulwa	om te veg
to include	einschließen	inclure	incluir	ukubandakanya	in te sluit
to make	machen	faire	hacer	ukwenza	te maak
to present	präsentieren	présenter	presentar	ukuba niyinikele	aan te bied
to represent	repräsentieren	représenter	representar	ukumela	om te verteenwoordig
to sound	klingen	paraitre	sonar	nokukhalisa	klink
to use	benutzen	utiliser	utilizar	ukusebenzisa	gebruik
to arrange	arrangieren	organiser	arreglar	ukuba amalungiselelo	om te reël
to commit	begehen	S'engager	comprometerse	ukuba benze	te pleeg
to describe	beschreiben	décrire	describir	ukuchaza	te beskryf
to fill	füllen	remplir	llenar	ukugcwalisa	in te vul
to increase	erhöhen	augmenter	incrementar	ukwenyusa	om te verhoog
to manage	managen	Gérer	gestionar	ukulawula	bestuur
to press	drücken	Pour appuyer	presionar	cofa	te druk
to require	benötigen	exiger	requerir	ukuya kufuna	te vereis
to speak	sprechen	parler	hablar	ukuthetha	om te praat
to be used to	gewohnt sein	Avoir l'habitude de	ser usado para	ukuba kusetyenziswa	om gebruik te
to arrive	ankommen	arriver	llegar	ukufika	om te arriveer
to compare	vergleichen	comparer	comparar	ukuthelekisa	om te vergelyk
to design	designen	Concevoir	diseñar	ukuyila	te ontwerp
to find	finden	trouver	encontrar	ukufumana	om uit te vind
to indicate	anzeigen	Indiquer	indicar	ukubonisa	om aan te dui
to mark	markieren	marquer	marcar	ukuphawula	merk
to prevent	verhindern	pour prévenir	prevenir	Ukunqanda	om te verhoed
to rest	ausruhen	se reposer	descansar	ukuphumla	om te rus
to stand	stehen	Se tenir debout	estar de pie	ukuma	om op te staan
to visit	besuchen	visiter	visitar	ukundwendwela	om te besoek
to ask	fragen	demander	preguntar	ukubuza	om te vra
to complain	sich beschweren	se plaindre	quejarse	ukukhalaza	om te kla
to destroy	zerstören	détruire	destruir	ukutshabalalisa	om te vernietig
to finish	beenden	pour finir	terminar	ukugqiba	om klaar te maak
to influence	beeinflussen	influencer	influenciar	ukuba nempembelelo	om te beïnvloed
to matter	bedeuten	compter	importar	kumba	saak
to produce	produzieren	produire	producir	ukuvelisa	te produseer
to result	dazu führen	résulter	resultar	ukuba ikhokelela	tot gevolg
to start	anfangen	commencer	empezar	ukuqala	om te begin
to vote	abstimmen	voter	votar	ukuba bavote	om te stem
to attack	angreifen	attaquer	atacar	ukuhlasela	aan te val
to complete	fertigstellen	compléter	completar	ukugqiba	om te voltooi
to develop	entwickeln	développer	desarrollar	ukuphuhlisa	om te ontwikkel
to fit	passen	S'adapter	caber	ukungena	aan te pas
to inform	informieren	informer	informar	ukwazisa	in te lig
to promise	versprechen	promettre	prometer	undithembise	om te belowe
to return	Zurückkehren	revenir	volver	ukubuya	om terug te keer
to state	aussagen	établir	declarar	ukuba urhulumente	staat
to wait	warten	attendre	esperar	ukulinda	Om te wag
to avoid	vermeiden	éviter	evitar	ukubaleka	om te vermy
to concern	betreffen	de préoccuper	preocupar	ukuba inkxalabo	kommer
to die	sterben	mourir	morir	ukufa	Om dood te gaan
to fly	fliegen	voler	volar	ukubhabha	om te vlieg
to intend	beabsichtigen	avoir l'intention de	pretender	ukuba uzimisele	beplan
to mean	meinen	vouloir dire	significar	ukuthetha ukuba	om te beteken
to protect	beschützen	protéger	proteger	ukukhusela	om te beskerm
to reveal	enthüllen	révéler	revelar	ukumtyhilela	om te ontbloot
to stay	bleiben	rester	permanecer	ukuhlala	om te bly
to walk	gehen	marcher	caminar	ukuhamba	om te wandel
to base	begründen	fonder	basar	ukuba isiseko	na die basis
to confirm	bestätigen	confirmer	confirmar	ukuqinisekisa	om te bevestig
to disappear	verschwinden	disparaître	desaparecer	zinyamalele	om te verdwyn
to fold	falten	plier	doblar	ukuba songa	om te vou
to introduce	vorstellen	Présenter	introducir	ukwazisa	bekend te stel
to measure	messen	mesurer	medir	ukulinganisa	te meet
to prove	beweisen	prouver	probar	ukubonisa ubunyani	om te bewys
to ring	klingeln	sonner	sonar	zaya khonkcweni	om te lui
to stick	stecken	coller	pegarse	ukunamathela	om vas te hou
to want	wollen	vouloir	querer	Ukufuna	wil
to be	sein	être	ser	ukuba	om te wees
to connect	verbinden	se connecter	conectar	ukuzidibanisa	om aan te sluit
to discover	entdecken	découvrir	descubrir	ukuba kukuphina	om te ontdek
to follow	folgen	suivre	seguir	ukulandela	om te volg
to invite	einladen	inviter	invitar	ukumema	uit te nooi
to meet	treffen	rencontrer	reunirse	ukudibana	om te voldoen aan
to provide	bereitstellen	fournir	proveer	ukunikeza	om te voorsien
to rise	aufsteigen	se lever	subir	ukwenyuka	styg
to stop	stoppen	arrêter	detener	ukumisa	om op te hou
to warn	warnen	avertir	advertir	ukuba alumkise	te waarsku
to beat	schlagen	battre	golpear	Ukubetha	om te klop
to consider	etwas erwägen	considérer	considerar	ukucingela	om te oorweeg
to discuss	diskutieren	Discuter	discutir	Ukuxoxa	om te bespreek
to force	zwingen	forcer	forzar	ukunyanzela	te dwing
to involve	involvieren	impliquer	involucrar	ukubandakanya	te betrek
to mention	erwähnen	à mentionner	mencionar	ukukhankanya	om op te noem
to publish	veröffentlichen	de publier	publicar	ukupapasha	om te publiseer
to roll	rollen	à rouler	rodar	lokujikelezisa	te rol
to study	studieren	étudier	estudiar	ukufunda	om te studeer
to wash	waschen	laver	lavar	bahlambe	te was
to become	werden	devenir	volverse	ukubayi	raak
to consist	bestehen	consister	consistir	iqulunqwe	om uit
to divide	teilen	diviser	dividir	ukuba bahlule	te verdeel
to forget	vergessen	oublier	olvidar	ukulibala	om te vergeet
to join	beitreten	joindre	unirse	ukujoyina	om aan te sluit
to pull	ziehen	tirer	tirar	ukutsala	om te trek
to run	rennen	courir	correr	ukubaleka	om te hardloop
to succeed	erfolgreich sein	réussir	triunfar	ukuphumelela	om sukses te behaal
to watch	beobachten	regarder	mirar	ukubukela	om te kyk
to begin	beginnen	pour commencer	empezar	ukuqalisa	om te begin
to contact	kontaktieren	contacter	contactar	ukuba uqhagamshelane	te kontak
to do	tun	faire	hacer	ukwenza	om te doen
to forgive	verzeihen	pardonner	perdonar	lokuxolela	om te vergewe
to jump	springen	sauter	saltar	ukuba utsibe	om te spring
to mind	etwas ausmachen	avoir àl'esprit	preocupar	engqondweni	na vore
to push	drücken	pousser	empujar	ibihlaba	te stoot
to save	speichern	économiser	ahorrar	ukugcuna	om te spaar
to suffer	leiden	souffrir	sufrir	ukuba ubunzima	te ly
to wear	tragen	porter	vestir	ukunxiba	om te dra
to believe	glauben	croire	creer	ukukholwa	om te glo
to contain	enthalten	contenir	contener	ukuqulatha	bevat
to dress	sich kleiden	s'habiller	vestir	ukunxiba	om aan te trek
to form	formen	constituer	formar	ukwenza	te vorm
to keep	behalten	garder	guardar	ukugcina	om te hou
to miss	vermissen	manquer	perder	ukukhumbula	misloop nie
to put	stellen	mettre	poner	ukubeka	om te sit
to say	sagen	dire	decir	ukuthi	om te sê
to suggest	vorschlagen	suggérer	sugerir	ukucebisa	voor te stel
to belong	gehören	appartenir	pertenecer	ukuba lilungu	behoort
to continue	weitermachen	continuer	continuar	ukuqhubeka	om voort te gaan
to drink	trinken	boire	beber	ukusela	om te drink
to found	gründen	trouver	fundar	ukuba ndiseke	om gevind
to kick	treten	donner un coup de pied	golpear	ukhaba	om te skop
to move	bewegen	bouger	moverse	ukuhamba	om te beweeg
to raise	erheben	augmenter	elevar	ukukhulisa	om op te lig
to see	sehen	à voir	ver	ukubona	om te sien
to suit	passen	Pour convenir	satisfacer	ukulungela	aan te pas
to win	gewinnen	gagner	ganar	ukuphumelela	om te wen
to break	brechen	casser	romper	ukwephula	om te breek
to contribute	beitragen	contribuer	contribuir	ukuba negalelo	om by te dra
to drive	fahren	conduire	conducir	ukuqhuba	om te ry
to gain	zunehmen	gagner	ganar	ukufumana	om te wen
to kill	töten	tuer	matar	ukubulala	om dood te maak
to reach	erreichen	atteindre	alcanzar	ukufika	te bereik
to seem	scheinen	sembler	parecer	ukuba ngathi	lyk
to supply	versorgen	fournir	suministrar	ukuba unikeze	te voorsien
to wish	wünschen	souhaiter	desear	ukuba unqwenela	toe te wens
to build	bauen	construire	construir	ukwakha	om te bou
to control	kontrollieren	contrôler	controlar	ukuba ulawulo	beheer
to drop	fallen lassen	laisser tomber	soltar	ukuwisa	daal
to get	bekommen	obtenir	obtener	ukufumana	om te kry
to knock	klopfen	frapper	golpear	ninkqonkqoze	om te klop
to need	benötigen	avoir besoin	necesitar	Ukufuna	om te benodig
to read	lesen	lire	leer	ukufunda	om te lees
to sell	verkaufen	vendre	vender	ukuthengisa	om te verkoop
to support	unterstützen	soutenir	apoyar	ukuxhasa	om ondersteuning
to wonder	sich wundern	se demander	preguntarse	ukuba uyazibuza	om te wonder
to burn	brennen	brûler	quemar	ukuba aqhumisele	te verbrand
to cook	kochen	cuisiner	cocinar	ukupheka	kook
to eat	essen	manger	comer	Ukutya	om te eet
to give	geben	donner	dar	ukunikeza	om te gee
to know	wissen	à savoir	saber	ukwazi	om te weet
to notice	bemerken	remarquer	notar	ukuba uqaphele	om op te let
to realize	feststellen	réaliser	darse cuenta	ukubona	om te besef
to send	senden	envoyer	enviar	ukuthumela	stuur
to suppose	vermuten	supposer	suponer	ukuba siyamkele	om te veronderstel
to work	arbeiten	travailler	trabajar	ukusebenza	werk
to buy	kaufen	acheter	comprar	ukuthenga	te koop
to copy	kopieren	copier	copiar	ukukhuphela	kopieer
to enable	ermöglichen	autoriser	permitir	ukwenzela ukuba	in staat te stel
to go	gehen	aller	ir	ukuhamba	om te gaan
to last	dauern	durer	durar	ukuhlala ixesha elide	om te hou
to obtain	erhalten	obtenir	obtener	ukufumana	om te bekom
to receive	bekommen	recevoir	recibir	ukufumana	te ontvang
to separate	trennen	séparer	separar	ukusahlula	om te skei
to survive	überleben	survivre	sobrevivir	ukuze sisinde	om te oorleef
to worry	sich Sorgen machen	s'inquiéter	preocuparse	moss	om te bekommer
to call	anrufen	appeler	llamar	ukubiza	om te bel
to correct	korrigieren	corriger	corregir	ukulungisa	om reg te maak
to encourage	ermutigen	encourager	fomentar	ukukhuthaza	om aan te moedig
to grow	wachsen	grandir	crecer	ukukhula	om te groei
to laugh	lachen	rire	reír	ukuhleka	om te lag
to occur	passieren	avoir lieu	ocurrir	ukuba yenzeke	om te gebeur
to recognize	erkennen	reconnaître	reconocer	ukunakana	om te erken
to serve	dienen	servir	servir	ukuseva	om te bedien
to take	nehmen	prendre	tomar	Yise e	te neem
to cost	kosten	coûter	costar	ukuba iindleko	om koste
to end	beenden	finir	finalizar	ukuphelisa	om te eindig
to handle	handhaben	gérer	manejar	ukubamba	om te hanteer
to lay	liegen	coucher	poner	angalalisa	om te lê
to offer	anbieten	offrir	ofrecer	ukunikeza	om aan te bied
to record	aufzeichnen	enregistrer	grabar	ukuba babhale	aan te teken
to set	etwas bestimmen	mettre en place	poner	ukuseta	op te rig
to talk	sprechen	parler	hablar	ukuthetha	om te praat
to write	schreiben	écrire	escribir	ukubhala	om te skryf